1.5580051120373062,-3.0520197547058556,1.0207704967836562,-0.04615138823750039,-0.12436593178451148,-0.49639390648000287,0.8579022403424783,-0.10732761405483454,0.06911413596625945,-0.12508243678515518,0.11342757267222954,0.038843497106287164,-0.004156441658272101,0.07722633368887226,0.03684558529782268,-0.24438555967558626,0.1602866468226289,0.008714357839073289,-0.019807335495967866,-0.03637775965259092,0.8252111424610785,0.813626218029309,0.4764601457507077,0.13493544310065322,0.6045010823077978,1.1601924850702838,-0.27125485806206867,0.22603886064970838,0.15193297500085937,0.3611070170247355,0.01755855063147896,-0.05772400906941387
1.5837342306635316,-3.1090500577812232,1.0146151943000983,0.03576103362283606,0.011911864992084034,-0.7023909925821971,0.7107926205905858,-0.23687920240536212,0.1952563405619423,0.0186087629906882,0.16095011856820154,0.028344201439525915,-0.08556565581200168,-0.13795333431389922,0.053736788415068786,-0.4375387236858535,0.1080538853962138,-0.12449199717682496,-0.0557247479430658,-0.16792569249464714,0.6498907646074948,0.9495125144338704,0.5094172961622386,0.09150323686830909,0.7621418088207733,0.3478587733332538,-1.1092938838227822,-0.23543699148659172,-0.13589381565527986,0.29669793209121376,0.04599863193430601,-0.081719518656234
1.5849846681398254,-3.109845556244263,1.0115724030885767,0.026903746400508417,0.01628969180819699,-0.7301938455191491,0.6825157744231023,-0.2737165434378555,0.2637103758981624,0.16673544031770068,0.3037212703966167,-0.06791081917605324,-0.1919666865437229,-0.2290175515116927,0.04602164981279162,-0.3451905644529896,0.31821433129829213,-0.2905884877302126,-0.08801932675145024,-0.08438189663760094,0.32090307364296317,1.434813122372029,0.19416389626753522,-0.04999146545947499,0.7025364111817393,0.010029173716824723,-1.2516002511505036,-0.3265495847000602,-0.29534921817574356,0.291412250345723,0.06305329350574841,-0.017069992314260304
1.5859613799604495,-3.1108693178337394,1.0105449501995323,0.024793944831691304,0.0285082275736765,-0.7353236187333614,0.6766621882395703,-0.30012728076796186,0.29298499002355205,0.16938196511060102,0.33445628535800837,-0.09431585808290054,-0.20142836775902836,-0.25719143223396995,0.06751388289519121,-0.3240049718090075,0.3495708917606328,-0.31053921993015926,-0.09154413765303754,-0.05652052918018036,0.08688289153732011,1.6632194191609342,-0.009946555255390378,-0.26855238845642765,0.5495994362643507,-0.07481020198474828,-1.3111948735230414,-0.2938927914890185,-0.42557628566458094,0.26959288191933983,0.05268085215839437,-0.02610971104935825
1.5869243170161083,-3.1117508311577646,1.010551900508859,0.027778809248445575,0.0347943114401861,-0.7364610908574474,0.6750131519468341,-0.3146699483590852,0.2982365292052799,0.16842695819225076,0.33851411540332293,-0.0992601167191576,-0.2023769229362514,-0.26841383349849074,0.07447165118106464,-0.3182261493861368,0.3464390017176124,-0.3080552869877804,-0.09176670962887627,-0.06182923830889227,-0.010336090992522579,1.7618079881238478,-0.0507606392185282,-0.4042701729641138,0.3638003898611923,-0.12022897455195035,-1.343616825404686,-0.2761872359840824,-0.5265835434523671,0.26259454950092354,0.03979236702304474,-0.018230349065621435
1.5878943365232487,-3.1125345958618893,1.010639922319088,0.03012255978842856,0.03696978140958319,-0.7368055638251643,0.6744208091174244,-0.32014758528070786,0.2970465070188442,0.16885574437009884,0.3384843195941199,-0.10059686167165188,-0.2019742587687026,-0.274834019849582,0.073958987567025,-0.3154199180804425,0.34717501740188517,-0.3080027213233299,-0.09086263465827966,-0.0676408200187668,-0.04066853047739238,1.8063369330029526,-0.03667952612420627,-0.4825208011400778,0.23145738947938174,-0.14163669524789999,-1.3623427908428154,-0.27252138348669824,-0.5842473877861694,0.2659372063703786,0.0326614756738907,-0.011572892968082128
1.588882421720015,-3.1133503738100776,1.0107281024980517,0.03135584466811984,0.03739239532175151,-0.7369913979661258,0.6741381899144907,-0.321147359781654,0.29479891835103145,0.1700457455765993,0.33832646231361646,-0.10166188638065536,-0.20136987654734348,-0.27761731027308756,0.07157715115690563,-0.31390231866420315,0.34907148844723906,-0.308899736417812,-0.0896188041005572,-0.07081048362028984,-0.051395144421056325,1.8283846765163534,-0.02170627709593547,-0.524238275835503,0.1508870012370456,-0.15111016850512707,-1.373156414456427,-0.2735268901561577,-0.6135207859650587,0.27105849050133773,0.02918573319052777,-0.008182815526521166
1.58990307791256,-3.114196640911668,1.0108309100339274,0.03190549814646754,0.037172479512740955,-0.7371259547678626,0.673977427487351,-0.3202393347098407,0.29262803592601844,0.17151560102615812,0.338382209314685,-0.1027672569052683,-0.200771860047767,-0.27828611784870766,0.06897771482096159,-0.3129922770628444,0.35068725142286894,-0.3097466734774279,-0.08833021072634326,-0.07234261754085478,-0.05652515283536901,1.840410512317895,-0.013605570769702051,-0.5455061188118485,0.11592803474589135,-0.1552316155782142,-1.3795966032463514,-0.27504839598689035,-0.6272071618443564,0.27409921447471053,0.027461583534224836,-0.006547801448326366
1.5909787657665788,-3.1150580216395665,1.0109244343172592,0.032087979412298406,0.03673779094810025,-0.7372703479346783,0.6738346461482727,-0.3188030104750346,0.29071515044409096,0.17294571512781637,0.3391220851406157,-0.10422509034467786,-0.20006537785769585,-0.27805856278863605,0.06645145620436227,-0.31227678642334056,0.3522572781503142,-0.31061350403723376,-0.08692287198537815,-0.07286315943249544,-0.05831762642367306,1.8468518248894532,-0.006741673999157583,-0.5568098461492449,0.08909000520208835,-0.15670520300079174,-1.3835421933159249,-0.27661206169481006,-0.6330411345447552,0.2765903844019506,0.02644552692576351,-0.005671329250817489
1.5921657171177948,-3.1159256035827854,1.01099657152921,0.03209972579754881,0.03620236177018096,-0.737405006271219,0.673715706609343,-0.3172954281676967,0.2888378198903213,0.1742265628853875,0.3404371890345453,-0.10585635690633119,-0.19932597728024237,-0.27744724641427715,0.06384933603825589,-0.3116744623046351,0.3538433827926004,-0.3113982318596729,-0.08558765037434297,-0.07292948455820937,-0.05856553146611332,1.8507316290331768,-0.0020816243089712043,-0.562964021449063,0.07495671643193043,-0.15618849829191733,-1.3861975585739923,-0.27893779257457907,-0.6349277627392963,0.27782116324088213,0.025886543371030236,-0.005217670000361651
1.5933389831978082,-3.1168693197957738,1.0110195151796204,0.03199583421391223,0.0356180834173463,-0.7375213917092099,0.6736243875469035,-0.31578309900437773,0.28715198154803867,0.17545361106268031,0.3423112777629031,-0.10791356175568864,-0.19851981112530007,-0.2766837734642086,0.061192770863795,-0.3113695312221852,0.35586110058860976,-0.3125160925635733,-0.08406283491586282,-0.07271056096510835,-0.05643404416330114,1.85334925472702,0.002905906099531127,-0.566783806067855,0.06299979881496333,-0.15320800299065557,-1.3881798468990107,-0.28301579173069646,-0.6349505168812214,0.278838923464953,0.025575732763885757,-0.004885191537618211
1.5945297610534657,-3.1178833503123937,1.0110039668278494,0.03182320120986643,0.035014031303963654,-0.7376210354914233,0.6735551272740501,-0.31434100468081433,0.28555334290219175,0.17648580833438493,0.3446485473861567,-0.11027862256881545,-0.19769939747845444,-0.2758635022778971,0.05846890537233506,-0.311277670761547,0.35824043811753237,-0.31390687999259625,-0.08247118385686954,-0.07243001101070913,-0.053545947034526545,1.8550459411441134,0.008651071794734164,-0.5692648016449703,0.05307262348629223,-0.14848494638418774,-1.3897203593553018,-0.2886319083298299,-0.6342702170935928,0.27959756095783467,0.025448092291122985,-0.004672890191203643
1.5957369909857317,-3.118973816104521,1.0109742144882254,0.031580286928231095,0.0343832864469902,-0.7377086674047301,0.6735030787803216,-0.31283970872493544,0.28401677454722807,0.1774308741853625,0.3472614240292949,-0.11284359074275074,-0.1968039420593711,-0.2749029521828083,0.05572259076484056,-0.31125892390576293,0.3608159646820568,-0.3154800330446394,-0.08084671581799953,-0.07220200424124125,-0.05071976661017546,1.856167078565615,0.014395376834991742,-0.5709667956067253,0.044840357715397385,-0.14424866571880027,-1.3908094083861797,-0.2938906188732874,-0.6332629795253369,0.2803097587421612,0.025338942080032234,-0.00458661460412036
1.5969451421327738,-3.1201493907781472,1.0109574057347679,0.03128072007088586,0.0336956671431282,-0.7377839004521631,0.6734694015330013,-0.31107538824878195,0.28247485242434733,0.17849808395427363,0.34987563045343284,-0.11548056300570854,-0.19579257515255813,-0.2736643482859015,0.052944338283148824,-0.3112970787310168,0.36336155707718437,-0.31714242360953665,-0.07921786738416757,-0.07213224341930308,-0.04864935749263031,1.8571344093035274,0.01849559665455323,-0.5717599367410795,0.03818469713263784,-0.1411415913630211,-1.3915445246096467,-0.2980808310103185,-0.6322839696045414,0.2809478503444426,0.025121357768377192,-0.004541863848926493
1.5981774062055991,-3.1214163059010462,1.0109493694916787,0.030920230685261816,0.03290940608218822,-0.7378872526657845,0.6734116962742989,-0.308859616929281,0.28087905969818483,0.1798590883661302,0.3524239793527221,-0.11820864843019697,-0.19474592962272497,-0.2721165498491208,0.050058394025002034,-0.31131006140329803,0.36591566903064804,-0.3188681459542576,-0.0775755789945244,-0.07217611280723699,-0.04766312022310881,1.8578246432665413,0.020879723969284877,-0.5720802621458125,0.03314602235785505,-0.1393970678904298,-1.3921041606833473,-0.30077663660694043,-0.6315743627206463,0.28138735766144135,0.0247698217739393,-0.004558755319070081
1.5994896863415977,-3.122802663292858,1.0109635058220505,0.030550629708208092,0.032045760892956916,-0.7381043570546283,0.6732322677428623,-0.30607973159092894,0.279145744115981,0.18169083383351506,0.3547654743655174,-0.1210519257232269,-0.1936920029261637,-0.27040559783327467,0.04700591652381498,-0.31104859371579774,0.36850863346933754,-0.3205836035464104,-0.07585599274621108,-0.07207638642891905,-0.04796138899819687,1.8582211185507167,0.021315206809284264,-0.572063341316014,0.029470435136819757,-0.13863633542708953,-1.3925437554101,-0.30216297695946454,-0.631188121306278,0.2812766123850579,0.024419118718764347,-0.004578879012874846
1.6008440575700813,-3.1242237604838494,1.0109971590511497,0.0301837448070972,0.03117646013608738,-0.7384454716309757,0.6729154889809777,-0.30293772853402345,0.2774117940825794,0.18396465252248975,0.3568430840727835,-0.12390705415998604,-0.1926241257348943,-0.26867597328367016,0.04398188082197195,-0.31046016244818814,0.37102559449143263,-0.3221849286886312,-0.07409817455529479,-0.07169587915038093,-0.04959520030952379,1.8583050114994513,0.020067666868498903,-0.5719590811413704,0.02656978734311958,-0.1386801493122034,-1.3927860404860353,-0.302384788650734,-0.6310696763377205,0.2812307838267393,0.024113620624818873,-0.004549376439990204
1.6021623961561187,-3.125566582496779,1.0110399167208841,0.029818093938702606,0.030370567827547434,-0.7388222128901071,0.6725550145704514,-0.2998467956309616,0.275812596146831,0.18631335019602027,0.35871029957569944,-0.12661716805689857,-0.1915762408790754,-0.26701999978865065,0.041217089387133664,-0.3097911987413412,0.37331076420412584,-0.32360315109983506,-0.07243119333364807,-0.07120262895363515,-0.05204982594377276,1.8582824079414375,0.01774392855172899,-0.5720525563777873,0.02421131575502434,-0.1391449861802256,-1.3924348156813389,-0.3027076012807903,-0.6313876372455304,0.2813687477880481,0.023848206618925328,-0.004456238761810848
1.6034349740745062,-3.1268194811685754,1.0110970000335866,0.02946638789328596,0.029633219595050705,-0.739214190538384,0.6721725855668584,-0.2969025481629346,0.27432803271850836,0.18862907811801832,0.3604172435435745,-0.12916332146054085,-0.190551905996592,-0.26543353865455255,0.03863268017403295,-0.3090057521056222,0.3752977701877452,-0.3247816152543547,-0.07074576732605567,-0.07057660973748685,-0.054738878148518674,1.858439159722277,0.014658159240007436,-0.5724297300214143,0.02246719745070337,-0.13942277903238107,-1.3919829345749046,-0.30298030102293116,-0.6317541921861684,0.28147434261671905,0.02360395424400226,-0.004316787703989663
1.6046108513041608,-3.127968622215139,1.0111608266964738,0.029138864517741704,0.02897731725159672,-0.7396098054419704,0.6717801555223314,-0.29417452904976804,0.2730174096793055,0.19086133835256303,0.36196539999344507,-0.13151698944808934,-0.1896010034444948,-0.2639393544885407,0.03633014412806023,-0.3081825300500584,0.37695917149233,-0.3257358271420006,-0.06911972488869225,-0.06983915909455095,-0.05755102597153491,1.8588881462770925,0.01124062745999164,-0.5729570925883335,0.021120274409764838,-0.13959585953493725,-1.391727108370549,-0.3027922722451403,-0.6318091080222648,0.2814290298092812,0.023351423225207963,-0.00416318629762013
1.6056570647150221,-3.12899350525736,1.0112390283565391,0.02885682655974484,0.028429060350699614,-0.7399760668380819,0.6714123119181831,-0.2917645330990626,0.2718876855984079,0.19288879866572095,0.3632720345742776,-0.13358543975571405,-0.18875197811004113,-0.2625521445874784,0.03438812616487835,-0.30747966752475114,0.3781775979679954,-0.32644379188519074,-0.06765690103581817,-0.0692521050521827,-0.05999857326221073,1.859650471703627,0.008231494646723448,-0.5734854060157267,0.020207981737027318,-0.13980205420706754,-1.39153780176369,-0.30228043996620907,-0.6316568217862791,0.2812655439286433,0.023109479723258372,-0.004083665949825052
1.6065831784221791,-3.1298706586900713,1.0113252674505904,0.02866154200049132,0.02799555216779074,-0.7402777179422875,0.6711062996181257,-0.2898046736235931,0.27083700575469183,0.1945670279852538,0.3643144392188547,-0.13532386655905054,-0.18798414877354314,-0.2613959589085434,0.03270134382794984,-0.3069219461262688,0.37903301959461955,-0.32693919610088207,-0.06633557006888388,-0.06894700231575263,-0.06178571301441138,1.8607261887663098,0.005803296731840033,-0.5739020612307237,0.019725461855232888,-0.14002874935586976,-1.3913707829804642,-0.30166372920947354,-0.6313933441234674,0.2810355011502999,0.02290918582736319,-0.00404238001574219
1.6073972396386051,-3.130595154639148,1.0114176397573227,0.028538342616904147,0.027687989539063606,-0.7405069362168952,0.6708713853270473,-0.28830563483946076,0.26988814855929993,0.19584415882993578,0.3650943668326788,-0.136739058747748,-0.18728915087619463,-0.2604834247269367,0.03128568174932471,-0.3065411623814988,0.3795649378845087,-0.3272362461846125,-0.06514994466513112,-0.06882208720298644,-0.06336251081973619,1.8616841788337908,0.004550126266384329,-0.5745783773217119,0.01925170287078132,-0.14021331060886325,-1.391095800114505,-0.3012091407297646,-0.6310647420292512,0.28059683562484095,0.022758917034226438,-0.003981240199010448
1.608119070688218,-3.131157457795283,1.0115097107895912,0.028505844063764003,0.027512216782053685,-0.7406924008828414,0.6706752284499268,-0.287322401828413,0.2690434976785981,0.196818813519843,0.3656963119466454,-0.13787022393407455,-0.18665666627485764,-0.2599143554866957,0.030111738591612834,-0.3062490967583363,0.37984971380828036,-0.327339753407158,-0.06409770794770846,-0.06874653985610671,-0.0640604229288383,1.8623579841977809,0.005111414668095163,-0.5756755271863189,0.01867476147596248,-0.1406420089082544,-1.3906508949132612,-0.30089405678094283,-0.6308100482237011,0.2798766165468656,0.022665705740545918,-0.00394938446449434
1.608807968874894,-3.1315608184470776,1.0116085598397961,0.028560374042969225,0.02747165127937888,-0.7408433859478545,0.6705077858666727,-0.2868783129710122,0.2682555392833736,0.19744901202799012,0.36616433889375233,-0.13854243894791715,-0.1862180767279142,-0.2597166051171355,0.029146121904907382,-0.3059795784117559,0.379907866925662,-0.3272442598747918,-0.06342535139117653,-0.06879141349688976,-0.06422810515832524,1.8628626607578411,0.00615175063133433,-0.5767640521395803,0.018242944830646642,-0.1409190999110437,-1.39002718534876,-0.3010931590843715,-0.6306585607985569,0.27956550154023674,0.02261181427153398,-0.00394570271214741
1.609474561928618,-3.131905170397061,1.0116871056449963,0.028686550434585217,0.027503605539108036,-0.7410239623608588,0.6703015147778836,-0.2866824959162611,0.267518994477266,0.19814911604046934,0.3666482605793861,-0.13934278606291056,-0.18567415238732743,-0.25977633845729675,0.028232334284633946,-0.305656679029549,0.379981990677304,-0.32711779949692443,-0.06260088503816046,-0.06871610696453244,-0.06403266837194413,1.863122773820363,0.007492088306866289,-0.5776478430456701,0.01744081736990199,-0.140968780865071,-1.389263808066851,-0.3020337009468406,-0.6305231023876269,0.2793673632988885,0.022636049415815797,-0.003915907771097714
1.6101023268529902,-3.1322702301245267,1.0117422991567453,0.02881716833331179,0.02757006782223989,-0.7412241509708293,0.6700718022623392,-0.28661767668146443,0.26691520585559714,0.19886558700627685,0.3673001295518933,-0.14022177318396353,-0.1851125903113913,-0.259974676827352,0.02740755001547848,-0.3052670726362194,0.38015257698412375,-0.32695106163071797,-0.06176582013500675,-0.06860865674116794,-0.06398928965094348,1.8631801213241959,0.008242333953603975,-0.578099316923302,0.01659385673919367,-0.14059337703725686,-1.3886792931784808,-0.3027554108278208,-0.630397688535501,0.2792786425971907,0.02268659265292557,-0.003860458516634382
1.6106564048685656,-3.1326847307193297,1.0117638734792378,0.028891121880239897,0.02762838101133147,-0.741413413791237,0.6698567947625949,-0.2865240542891104,0.2665136612213424,0.19954901398240033,0.3682178089795322,-0.14127370573304143,-0.18462223353269672,-0.26004326851931747,0.0267093365562991,-0.30488553865558704,0.38045954764692375,-0.32691891065829926,-0.06095746367360735,-0.06852465352615748,-0.06445183265695258,1.8631608645274107,0.008154332968647515,-0.5782188890198023,0.01602629379322275,-0.14036304849551362,-1.3881164548699256,-0.3031129066489295,-0.6303525983901792,0.27917005563521946,0.022707851764501987,-0.0037821439787520416
1.6110960638585254,-3.133157796937952,1.0117464982103594,0.028897293010963106,0.02766673858511469,-0.7415893309592106,0.6696601841532548,-0.2864155975146905,0.2663405272117078,0.20011886101556287,0.36939643746272294,-0.14244893702344782,-0.18423601148831845,-0.25997097298584876,0.026179330741530074,-0.30450807538965347,0.38092504568898666,-0.32706074049852274,-0.060240537289082796,-0.06843598983942277,-0.06531918349308437,1.8630093324500794,0.007693269758182567,-0.578168612817829,0.01572663342419408,-0.14051595132919226,-1.3875197974355684,-0.3032132296453854,-0.6303107599645273,0.2790531079718415,0.022737230621884194,-0.0037036184260833983
1.6114160987791997,-3.133693047450385,1.0116845531574299,0.028845864609192542,0.027688508356822204,-0.7417477205308086,0.6694860578737029,-0.28630313643570704,0.2663949661085082,0.20056196585130567,0.37085410605894614,-0.1437699391975962,-0.1839864080779886,-0.2597904800458544,0.025811208561516207,-0.3041055319558704,0.3815917120947399,-0.32742155884768576,-0.05964103172794428,-0.06835136146479417,-0.06596580609781799,1.862765461258686,0.0069578288320930335,-0.5778689058563614,0.015297791242217099,-0.14074958490623193,-1.38694143306723,-0.3034245490832257,-0.6302807810041171,0.2789642142565346,0.0228170976611927,-0.003637686354232376
1.6116409519412827,-3.1343140985715388,1.011579399807282,0.028719210737277703,0.027679539323923006,-0.7418465058609693,0.6693824107185019,-0.2861840197104368,0.26664597195809064,0.20085398306350913,0.3726306631976073,-0.1452500148657757,-0.18386277128045012,-0.25942962452187746,0.02553846755012522,-0.30381917125569474,0.3825022869007235,-0.3280642589813904,-0.05914477707914387,-0.06836330462187218,-0.06608273433312724,1.8624232320578584,0.006209313347171071,-0.5775294096699235,0.01477852113898622,-0.1407324866827414,-1.3863836521033577,-0.30382540203769437,-0.6302700571007853,0.27889840069851074,0.022938207045743227,-0.003587635992521494
1.6117786084343289,-3.1350079866407308,1.0114583757362716,0.028520153563288235,0.027661363871594173,-0.7418488209993157,0.669389107000864,-0.28608366692041914,0.2670617140587373,0.2009096991042149,0.37459199996109793,-0.14683166665042335,-0.18383717228700194,-0.2588464308321134,0.025367975150087724,-0.30380323521089453,0.38351346106131945,-0.3289521314933528,-0.058730156646296675,-0.06846563553752544,-0.06602460094206734,1.8619189205604267,0.005480902570830784,-0.577396704681787,0.014258009508619494,-0.1399524028557169,-1.385811042928509,-0.3042051599916184,-0.630042497560868,0.2789720390385172,0.023077463404343836,-0.0034792924904454635
1.6118349450719571,-3.135732958112331,1.0113424778081281,0.028267774971382706,0.027668239265211877,-0.741768121293693,0.6694889511161141,-0.28602965122291496,0.26763292326560256,0.20072879069432717,0.3765611613490377,-0.1484094732518638,-0.18388419467076855,-0.2580664969552888,0.025364677187719783,-0.3040810516409602,0.3844153968741154,-0.3299586935525217,-0.05841690997139776,-0.06866877612780026,-0.06591769205982698,1.8612066928270954,0.00480508594610056,-0.5774147428630246,0.01382742970076464,-0.13850264182122313,-1.3852387274534714,-0.30501893456257123,-0.6296010919439525,0.2791299892461978,0.023223465330841107,-0.0033346847633178266
1.611802458054465,-3.1364573786222847,1.0112407672936115,0.027997471083316964,0.027701159101170478,-0.7416336886699737,0.669647862109003,-0.2859718292417991,0.268308080078841,0.20037099854845802,0.3783609525216345,-0.14988877220775296,-0.1840119183552358,-0.2571358336832575,0.025526209652433393,-0.3046171215234835,0.3850882773553562,-0.33097426357878185,-0.058217437030717065,-0.06895992345175149,-0.06567554884744209,1.86043157014951,0.004182562653918148,-0.577333942978377,0.013547981192317185,-0.1367520168989968,-1.3846212505543243,-0.3067265768704011,-0.6290179611379509,0.2793342372613245,0.02335921945964507,-0.0031892537008319424
1.611663477596623,-3.1371539950497938,1.0111625373495368,0.027716039385672398,0.027779909931574726,-0.7414736341808478,0.6698335222871509,-0.2858524655528006,0.26911086422261354,0.1998840825160958,0.3798040325070778,-0.1511683759015196,-0.1842312596022972,-0.2560828719328814,0.025927939206754787,-0.3053524745357658,0.3854284912830494,-0.3318935860552529,-0.058125582638126595,-0.06936139823279167,-0.06524431299631443,1.8595917788006506,0.003895151402113452,-0.5769804449109805,0.013325611814079652,-0.1348032638021077,-1.383951961149504,-0.309078156373941,-0.6283423510730742,0.27948617107661455,0.023461008346149333,-0.0030958298414086954
1.6114541101770088,-3.1378044783949153,1.0111064515468529,0.027443908327235176,0.027905182519351857,-0.7413055024795283,0.6700255850919883,-0.28565897033975973,0.26997802783199204,0.19933332648579202,0.3808153009109441,-0.1521963621219382,-0.1845347095763831,-0.2549783911469136,0.02652113719189935,-0.30619940100163584,0.38543947393822,-0.33266099501923035,-0.058105802894517125,-0.06985941781680403,-0.06407519776698675,1.8587169819925151,0.004618864431856714,-0.5764885835463308,0.01326096631501258,-0.132714517524735,-1.3832610193142698,-0.31171116576486063,-0.6275437617062357,0.2795308449796376,0.023545463344470798,-0.00309764878908377
1.6111982382914347,-3.138412213930895,1.011054822881977,0.027202471563177656,0.02807988784010429,-0.741134965315533,0.6702167624183123,-0.2854906235673276,0.2708701434572534,0.19870005494399787,0.38152517276613723,-0.15301046149243033,-0.18490177743177222,-0.25392039682102824,0.027244953990731458,-0.3070776744529981,0.38523097991308697,-0.33329628515581555,-0.0581207843283296,-0.07035271558548287,-0.06200622699433165,1.8578913040331133,0.006368375303730018,-0.5758310612510137,0.013340770498545014,-0.1303610463108774,-1.3826671129574233,-0.3144873132981511,-0.6265209053698413,0.2793723846434165,0.023653845755546424,-0.003134018308116443
1.610921802907356,-3.1389850293486727,1.011009057673483,0.02699870114647046,0.028284798984047146,-0.7409703792339797,0.6703983423164821,-0.28535318375203667,0.2717376977187772,0.19803016100979326,0.3820260092985092,-0.1536666759381636,-0.18530338764360116,-0.2529371174555468,0.028025140030367136,-0.3079361806590215,0.38488406280270626,-0.33382505939705864,-0.05817924847732156,-0.07082848811910669,-0.059153983998669994,1.8571365342926498,0.008752229940049448,-0.5748221319992537,0.013328767321878121,-0.12771439377002308,-1.3822312086913426,-0.31727816916355317,-0.625292892503102,0.27907625306380357,0.02378896430988296,-0.0031910319383262904
1.6106370866500774,-3.139519413076433,1.0109711198314593,0.026835544546266264,0.028503776049458397,-0.7408143536749802,0.6705680291282521,-0.28523091106796483,0.2725564021056935,0.19737271481486793,0.38236694775269775,-0.15421828683151315,-0.18572747053835795,-0.2520211967928913,0.028810929297796682,-0.3087497878087868,0.3844354004161012,-0.3342797118492838,-0.058240582796628755,-0.07131776964136742,-0.055700477725635425,1.8563820572350918,0.011578773583008592,-0.5735650478808088,0.013312466304782078,-0.12472680608643251,-1.381936825960473,-0.32018480273706557,-0.624032751268502,0.27889167607341636,0.023952983691693134,-0.003253378335635577
1.6103540020893612,-3.1400110308070524,1.0109353167679644,0.026680195473957363,0.028723381130393962,-0.7406629320862498,0.6707321041811761,-0.28513277191618114,0.2733805856873442,0.19670853425519247,0.3826317731874047,-0.1546722434280703,-0.18617912509260579,-0.25115094560333434,0.029607470678410252,-0.3095258842295403,0.38392839313164634,-0.334649738474931,-0.058287140254327796,-0.07178875704165623,-0.05198787337443025,1.8555951210504809,0.014607933383195972,-0.5722909642086883,0.013373299558699526,-0.1217029974810233,-1.3815791780768336,-0.32331504952969553,-0.6229478363057948,0.2787185314256593,0.024117755705756753,-0.003304403523295343
1.6100691069920587,-3.1404552464468756,1.010867719596726,0.026530023745157942,0.028913761177917444,-0.7404903629044209,0.670920393713223,-0.2850974836236958,0.2741430247054166,0.19602361398302326,0.3830126942105701,-0.15516028677099297,-0.18662797140611967,-0.25039698640119495,0.03032343461843641,-0.3103284481969555,0.3835846665485454,-0.3350202213504681,-0.058369193092116585,-0.07231549899740085,-0.04853181478398,1.8547357982623245,0.017352437456160875,-0.5710980266115513,0.013528284192667259,-0.1187602114065829,-1.3811683376435548,-0.3265274040706841,-0.6221323410621382,0.2784549245067647,0.024257655989501678,-0.0033286473969370597
1.6097833508653752,-3.140896814324704,1.01077745939868,0.026390680336009168,0.02907598335528762,-0.7403072711056468,0.6711209008304208,-0.2851609831740312,0.2748686084465504,0.19528961609971532,0.38353663648333725,-0.1556547622033875,-0.18707105481103878,-0.2497176777694785,0.030935829169080848,-0.3111198260398904,0.3834694725530138,-0.33550335964947126,-0.058447617091548325,-0.07285677679714747,-0.045921306840306195,1.8537337991736433,0.01947367010513386,-0.5700759173427785,0.013683706426717809,-0.11593138303266931,-1.3807146846618399,-0.3295652152160639,-0.6214358321134403,0.2781449383798387,0.02436981584530681,-0.003310182533061091
1.6095010316315201,-3.1413475146194845,1.0106687523930236,0.026258716136422354,0.029213577799506743,-0.7401157080948931,0.6713313528580453,-0.2853190294448317,0.2755552109067113,0.1945163166620049,0.38420690923302603,-0.15615607369598433,-0.18749253518685582,-0.24911832634429773,0.03146448786074745,-0.31185008529478586,0.38358846628650106,-0.33611863045796897,-0.05852636295407915,-0.0734052790949074,-0.04454955005774906,1.852510151985702,0.020746948344604495,-0.5692951388050638,0.013752072027727446,-0.11335777563154938,-1.380219212738698,-0.33192261387318595,-0.6206820574217756,0.2779726835531756,0.0244395307738043,-0.0032557009292911985
1.6092161816458694,-3.1418084916454956,1.0105500905882052,0.026128635477577978,0.02933577491693768,-0.7399095655447281,0.6715582934738531,-0.28554313610900195,0.2762195265422266,0.1936948396807801,0.3849818541609029,-0.15667309843422392,-0.18789196998620486,-0.24857273646630101,0.03194490377668559,-0.31252839780922137,0.3838860780706619,-0.3368519686022678,-0.05861035566253003,-0.07398051991668403,-0.04439060887871181,1.8511078964370724,0.021127549149804647,-0.5687788083610106,0.013712828348079607,-0.11115670611528214,-1.3796237931381488,-0.333745858726984,-0.6199299180051092,0.27782127103980797,0.02447938376889364,-0.003168917410836597
1.6089233979467523,-3.142265414545729,1.0104371362904818,0.02600453279092796,0.029460797284955657,-0.7396834461470901,0.6718066873689369,-0.28580755357358356,0.2768737287085015,0.19280696158025137,0.3857671015756713,-0.15720142142297222,-0.18828829263254068,-0.24805462935939282,0.0324246371748384,-0.3132091658896216,0.3842225621779883,-0.33764230153676156,-0.058710934552910696,-0.0746167241358453,-0.045133772833049625,1.84967792708277,0.02083545105891386,-0.5686220953025537,0.01362038207137428,-0.10920383622788818,-1.378941939350546,-0.3354156110669997,-0.6193007186764012,0.2775824511741343,0.024515717556761456,-0.0030595301362602518
1.6086213909647609,-3.1426814735607453,1.01034210995697,0.02589948757977341,0.029604188985182373,-0.7394403173118709,0.6720720390489057,-0.28611742591695377,0.2775085282487047,0.1918497436137539,0.3864628931646844,-0.15771150469681894,-0.18869268383526458,-0.24757394896408716,0.03293345328414964,-0.31392627659037464,0.38445168473148544,-0.338396901643038,-0.058837490046002736,-0.07528919702867053,-0.04631655443640181,1.8484047742130505,0.020318945704352304,-0.5689053224479673,0.013479715098617348,-0.10747346090117603,-1.3782524744504727,-0.3372258105858181,-0.6187851170571963,0.2773523434671409,0.02456167610332511,-0.00294414967473643
1.6083287757353517,-3.143005109614688,1.0102740270377344,0.02584329102585419,0.029785742273802478,-0.7391884607181278,0.6723431812752442,-0.28659721081401085,0.27807751834991784,0.1908237953585799,0.38699825998310944,-0.15809703654796972,-0.18906893716235185,-0.24721425011805137,0.03347110404943242,-0.31468502655836905,0.3844665520859049,-0.3390158367817409,-0.05899670611871657,-0.07596735116335515,-0.04743655011828804,1.8474353807714747,0.019929882805927925,-0.5695272410526133,0.013181645067296266,-0.10588975105966626,-1.377684762815854,-0.3392288780187318,-0.6183240744645375,0.27720754243775864,0.024632948918563508,-0.0028472369634069887
1.608079890774652,-3.1432631650464478,1.0102335784330412,0.02585544307586708,0.029993127097243485,-0.7389571563206888,0.6725877113899121,-0.2871773965008674,0.2785143301074741,0.18984867406510636,0.3873674840209131,-0.15836163542570894,-0.18939033540137293,-0.24700124325964018,0.03395158695676837,-0.31539493672694474,0.3842799857977955,-0.3394493559159816,-0.059156364767182765,-0.07658730269576877,-0.047859886595121304,1.847045118737674,0.019309417489492973,-0.5701381302811035,0.01280942143198144,-0.10433357538461932,-1.3773847953414677,-0.34115336469852553,-0.6178906295430867,0.277146127112862,0.024720862806315073,-0.002785055422000854
1.6078861572977499,-3.143471898284756,1.0102131656883688,0.025925624028491644,0.030205946010951036,-0.7387683771061408,0.672782838538763,-0.2877664444756608,0.2788186203044758,0.1890443856005315,0.3875890597984249,-0.15853544440648287,-0.1896442764884912,-0.2469104713386139,0.034345134076349405,-0.31600600939647827,0.38398711008732733,-0.3397375730154833,-0.05930425839339996,-0.07710463016352523,-0.04747313876608495,1.8469397842756838,0.018988727597266705,-0.5706035609233091,0.012465756814268694,-0.10269935332399435,-1.377365374036499,-0.34296653850931313,-0.6174848688027115,0.2771275746962634,0.024835029958632536,-0.0027736950033761905
1.6077318406308316,-3.143641077471148,1.0102010111618378,0.026046482077685618,0.030407335356425407,-0.7386365123619801,0.6729138706652054,-0.28830841971459187,0.2789981801517078,0.1884153051661492,0.38768463774491,-0.15864825034101482,-0.1898409367804698,-0.24695081253883464,0.034633925481053665,-0.31645450498225264,0.3837076711963562,-0.3399409304240205,-0.05942078039813857,-0.07748169446258221,-0.04622338680774659,1.8469345535359891,0.019530812125429273,-0.5709772466000712,0.012260684374641971,-0.10113259648659992,-1.3775288574738482,-0.3446684803348994,-0.6171735601846907,0.27708461319272765,0.024978697154901294,-0.0028230675788562605
1.607626225376168,-3.143784743091681,1.0101830334900053,0.026203667713660374,0.030591846830457375,-0.738563008355401,0.6729800809792764,-0.2888152748434787,0.2790966810434256,0.18803320014439223,0.38777113278274145,-0.15875833609963527,-0.18999005378481906,-0.2471510392224871,0.03480120174011767,-0.3167358361837303,0.3835321651803428,-0.3400887135621986,-0.05950642228387826,-0.07766684849059267,-0.044202468291612264,1.846974489319047,0.020943115482645762,-0.5711952050154414,0.012174085373857764,-0.0998174651430878,-1.377790897855579,-0.34616978176549995,-0.6169480283740366,0.2769950500347394,0.025135461606285093,-0.002912245023662788
1.6075813391784142,-3.1438966217832043,1.0101480282827968,0.026388807856807014,0.03075254442796107,-0.7385624142718027,0.6729661745259627,-0.2893205466319445,0.27911579939460035,0.18790380803673087,0.38797534204846473,-0.1589361216190451,-0.1900749667136345,-0.24755272680579035,0.034827174886082675,-0.31679276544585777,0.383590882187148,-0.3402375777807294,-0.05956215627858494,-0.07774495706694819,-0.042405340509204116,1.8469458042494247,0.022741435226876605,-0.5712115704040385,0.012116081010814872,-0.09879076322618688,-1.3781506239210592,-0.34730251464178913,-0.616906205473325,0.2769533402855666,0.02528859275751176,-0.0030244852690451355
1.6076136885866592,-3.143962912163988,1.0100892198893971,0.02663280834134754,0.03089112687382182,-0.7386471886795485,0.6728571634872571,-0.28991302167805566,0.27903058878402515,0.18796787710615484,0.3883638053628776,-0.15921602551000752,-0.19013699202968487,-0.2482917036319922,0.03464755604730282,-0.3165316553313134,0.38401167441384276,-0.3404335438450405,-0.05958677960659671,-0.07778888885070162,-0.041294269986179646,1.8470508596036392,0.024024153391474623,-0.5711027733942802,0.012118808634294705,-0.09830906282529436,-1.3786232423340947,-0.3478878497981199,-0.6171236235019132,0.27692713545225617,0.025437104135222717,-0.003151362248037136
1.607702110395206,-3.1440355136553664,1.0100221935247853,0.026893682267769718,0.030997439344720854,-0.738779640266828,0.6726964632992851,-0.2905041261883484,0.2788451103055087,0.18813500275666678,0.3889365064784682,-0.15962680319896957,-0.19013757186684443,-0.24920120293942327,0.03430918053646877,-0.3160518889099271,0.3847653411127978,-0.3407176316469455,-0.059581594505221366,-0.07784962770963455,-0.04092026212635224,1.8471808288993845,0.0239598594460695,-0.5708704003932497,0.012191525151595987,-0.09818283693886555,-1.379217805604373,-0.3479957242763436,-0.6174307526083472,0.2768430332365894,0.025552397958563424,-0.0032291292776705075
1.6078120449433912,-3.1441588452159626,1.0099607040921945,0.02712458654117927,0.031081921670361667,-0.7388896424226552,0.6725624634714369,-0.29104114363591693,0.27863477406836074,0.18825805057072528,0.38961224448020715,-0.1601367413474402,-0.1900855859777697,-0.25004921431162597,0.03392133490122591,-0.3155469468070546,0.385667778808311,-0.3410975397049657,-0.05954804687237506,-0.07791024097494911,-0.041498534485355607,1.8469976072210539,0.022975708003746702,-0.5708474149640218,0.01223514796495995,-0.09852265997841557,-1.379856464467316,-0.34759356089858395,-0.6175413467642412,0.276729790204493,0.025632502030043105,-0.0032302435438693873
1.6079287218442844,-3.1443344152019455,1.0099004385775434,0.027300051951073816,0.031135303024157103,-0.7389350425187562,0.6725030133812533,-0.2915167948360043,0.27844080439055985,0.18825747745774152,0.3903723563522926,-0.1607044865774627,-0.19002738902049898,-0.25071443439866437,0.03353584814590377,-0.3151134744182614,0.38661221213365854,-0.34156893732929894,-0.05951153304450457,-0.07804927175564,-0.04285063525101091,1.8463053778004825,0.02195744164535352,-0.5713307088805682,0.012155901330923556,-0.09925797365848461,-1.3805346717236346,-0.3468500941972292,-0.6174968461049772,0.276744806982896,0.025674702304126884,-0.0032030298051571268
1.608039328704061,-3.144555044118038,1.0098239037449912,0.027448988472329926,0.03117089184608326,-0.7389157116702786,0.672516542235335,-0.29201858466385616,0.27824723024789805,0.1881719820571311,0.39126051418900504,-0.16134431446313305,-0.1899514251378831,-0.2512785084395314,0.033095812314300935,-0.31477001785235054,0.38764283888225815,-0.3421528283581447,-0.05944294260507164,-0.07834581278730741,-0.04427422775482281,1.8455607171000943,0.02088219877077904,-0.572139931802178,0.012013165766986888,-0.10012705377593979,-1.3813768229679684,-0.3459423658326453,-0.6175381041173974,0.27697343066171154,0.02569939665476505,-0.0031838929000032783
1.6081407772451435,-3.14481118825881,1.0097216501853095,0.027607172206302107,0.0311889638660818,-0.7388608797848447,0.6725694706863349,-0.2925899261233686,0.27803870357173516,0.18805862611263596,0.3923047534226673,-0.1620664581604201,-0.18988114733941325,-0.25187741218455595,0.03254691144447236,-0.31462896572285454,0.38888866181384063,-0.342885793068368,-0.059353845976941315,-0.07873962461914624,-0.04552661920386401,1.845084742466398,0.019297601780728525,-0.5727397805648615,0.011878805633572985,-0.10098781819083791,-1.382465753477072,-0.3449090857791984,-0.617864133601102,0.2772268970867669,0.02571142712729483,-0.0031624091313089296
1.6082201296678456,-3.1451036071680454,1.0096060457386462,0.027753907997087154,0.031185143856080105,-0.7387880973407897,0.6726435568866622,-0.2931384072619835,0.2778371100748879,0.18789372935597093,0.39344562512150566,-0.16286377037271726,-0.18982835352525945,-0.25247456287991615,0.03192419167653619,-0.31462527058735085,0.390340990310608,-0.3437533048210752,-0.059235400820792844,-0.079169818243171,-0.04698326136174684,1.8448051738994362,0.017338028125738113,-0.5729617302042526,0.011669688274956168,-0.10176211427890622,-1.383654545364839,-0.3439379879883502,-0.6183899362552187,0.2773005673916088,0.025700496726044245,-0.0031237468179374063
1.608266353634881,-3.1454401526455684,1.0094811972815756,0.02789354320979973,0.031153768458374503,-0.73872181055356,0.6727120331691078,-0.29357712528534685,0.27763497825260885,0.1877041868452658,0.39460066157102364,-0.1637164537050117,-0.18981150282902629,-0.25305235941776877,0.031251149842892775,-0.3146863743084102,0.39196022649564577,-0.34473731392505447,-0.05910267038185983,-0.07956411164233283,-0.04858796159102738,1.8447699179678585,0.015177667364151215,-0.5728164901026915,0.011374894640943175,-0.10233365813520512,-1.3848757191759686,-0.3430475387403294,-0.6188310239308943,0.27728894282968647,0.025667785617832742,-0.003070183201717062
1.6082838117159541,-3.1458300203095235,1.0093549196477685,0.028020326969695353,0.031105772511132355,-0.7386745899221793,0.6727608359560601,-0.29384684908579295,0.27744430470961384,0.18753945012611511,0.3956917437589992,-0.16460366516121314,-0.18982245862190752,-0.25357454110572913,0.0305769819853529,-0.31475878301056537,0.39366894654536083,-0.3458054377291473,-0.0589622016060037,-0.07985985212924235,-0.049937289895119336,1.8450055929577265,0.013022232971865333,-0.5725357258180162,0.01115402358586195,-0.10245980926485158,-1.386169145373034,-0.3420540735002667,-0.6188549576062068,0.27742681282797094,0.025624319931673682,-0.0030032759775878957
1.6082926280725165,-3.1463027597093944,1.0092408503320511,0.028103984405975675,0.031003172123143758,-0.7386730176056033,0.6727638088068078,-0.2937660017015606,0.2772775517758607,0.18757487445006954,0.39671639179816,-0.1654877496274029,-0.18986931610947438,-0.25388203840663237,0.02987968974333801,-0.314786699321583,0.3953916077921168,-0.34692291213039067,-0.05878723161306832,-0.08002018212590592,-0.0510839845369819,1.8452019388655607,0.011315208552978967,-0.5722223044340661,0.011180894128672954,-0.10239780409464781,-1.387235975862537,-0.34140417320712735,-0.6186725896413354,0.2776191762679082,0.02554994275975903,-0.0029506700570004025
1.608279896915822,-3.1468619890425997,1.0091228584494905,0.028125104171892856,0.03085740071133073,-0.7387116080231395,0.6727272549172716,-0.2933874310657248,0.27719831780116366,0.1877842891100473,0.39773145683468775,-0.16637936644738158,-0.18995530861679621,-0.25395881924687264,0.029228177825670252,-0.3147865154048021,0.3970970221873794,-0.3480595738485599,-0.058591486411413124,-0.08003928515768602,-0.05194344286917675,1.8453504096103894,0.010305969464851558,-0.5720588666647246,0.011539894766349265,-0.10228087628344186,-1.387939320896683,-0.3412956367127235,-0.6184239367946867,0.27778040816275645,0.02544596960107128,-0.0029066220088214832
1.6082381762183733,-3.1474886301455944,1.0089879987936112,0.028087214040295457,0.030702789557748168,-0.7387726220328262,0.6726689081974652,-0.29287112559611184,0.2772736794139147,0.18807035777539569,0.39888185488170325,-0.1673588607689021,-0.1901005141836611,-0.2538319498970551,0.028684504879166354,-0.3147805917879654,0.39877423128929723,-0.34925406475391896,-0.05837339065198153,-0.07994424544090602,-0.05234624929313808,1.8455213477121113,0.010298601167605618,-0.5721238077441522,0.011928223984749622,-0.10170309942326826,-1.3884149269738377,-0.3413108623856684,-0.6181615437853646,0.2777867701876345,0.025340033535777857,-0.0028705515702931914
1.6081681691477188,-3.1481665024082273,1.0088417167179407,0.02801795490316841,0.030535735513624818,-0.7388405288585652,0.6726048141187225,-0.29230093572563715,0.27746077950581105,0.18845601223010916,0.40018525943088634,-0.16842970154292433,-0.19028387900146385,-0.2535596238256784,0.028199905088241627,-0.31478067816269,0.40042228768918836,-0.35050472066121596,-0.058140197493977704,-0.07976259749746453,-0.05219753929059755,1.8457087273723398,0.011260385393216128,-0.572344422451104,0.01207418932447463,-0.10088079567303536,-1.388651208541832,-0.3420427039599071,-0.6179230211171963,0.27776668657570586,0.025255678139093296,-0.00283032941923243
1.6080719831873167,-3.1488720592917523,1.0086886728608593,0.027936766188426162,0.030376751253427862,-0.7389388038269202,0.6725074232133506,-0.2917197888571658,0.27773707165639816,0.18884740537385394,0.40160221971835963,-0.1695840479909351,-0.19053872629046414,-0.2532178213248435,0.02780180446605407,-0.31473400143088903,0.4020164467016438,-0.35178365895731667,-0.05790461591648913,-0.07940463893193084,-0.05162424812596891,1.84604393359233,0.012221305292354292,-0.5725638066294454,0.01218192365249832,-0.1002346218310571,-1.3887180830280936,-0.34294303437306073,-0.6175127887210892,0.2778205345713513,0.02514854308611871,-0.002786264475760292
1.6079782422803195,-3.1495937807364274,1.008535291431643,0.027865729435103095,0.030227537507714296,-0.7390536230758264,0.6723909125782139,-0.2911664572583117,0.2780116761352837,0.18919541985765412,0.4030808890423649,-0.17079128364195564,-0.19085161499144856,-0.2528805549837118,0.027421935815086364,-0.31461872350914477,0.40356985479612245,-0.35305392752723685,-0.057658244411434745,-0.07892056221240151,-0.0506512510565889,1.8465970490399752,0.012588454302843556,-0.5725029939559221,0.0122785320908167,-0.09969615735959769,-1.388795838009234,-0.34377226653696596,-0.6169141465681721,0.2780128237695998,0.025032822934837634,-0.0027404179713487425
1.6079332798561012,-3.1503208137217222,1.008384561386552,0.02780991040627945,0.030087594352217282,-0.7391360935722253,0.6723088432618459,-0.290708429068965,0.278241723576802,0.18958488525792028,0.40463543501741117,-0.1720422267708275,-0.1911368384314116,-0.2525674433610231,0.02697912323048838,-0.3145051179255218,0.40510966917730235,-0.3543201930822804,-0.057376274635865754,-0.07842551438243478,-0.04983232451480119,1.8470260802343321,0.012660194316622339,-0.572266070670293,0.012374224395183158,-0.09922167417048093,-1.3889680972212475,-0.34441615873116443,-0.6161496781088881,0.2782323465250896,0.024933398880710913,-0.0026925365357842986
1.6079410898418336,-3.1510442980097015,1.0082415130983977,0.02778326107426291,0.029964567577002495,-0.7391834853033363,0.6722633339315887,-0.29037193771646536,0.278385254187177,0.18993884523344448,0.4062172272116483,-0.17331356125404057,-0.1913795771121592,-0.2523019084403464,0.02645672420492757,-0.3144146323884034,0.4066263144075352,-0.35558670492501493,-0.057041173860787116,-0.07789744215527787,-0.04936679735515701,1.8472343141680203,0.012497651976437388,-0.5720189918821302,0.012419363467995062,-0.0987149343223658,-1.389275248328355,-0.34483611839402056,-0.6152610709043675,0.27830005901658317,0.024869081801294213,-0.002624450795437842
1.607986873245587,-3.1517616220756812,1.0081104201278108,0.027803151362623568,0.029835360821860068,-0.7392055672523962,0.6722439775572553,-0.290116007004989,0.2783688567147644,0.19024081126053324,0.4077426232889856,-0.17454075770090158,-0.19154275128899825,-0.2521016901945569,0.025821548680624043,-0.31432739891647765,0.4081264036429305,-0.35684523645670924,-0.05668253360091638,-0.07737249608145925,-0.04927408550101463,1.8472362706691126,0.01201039571723527,-0.5718250895966177,0.012470319960819527,-0.09825685467966552,-1.3897443714103879,-0.3447824599917193,-0.6144158192456824,0.27828984133999934,0.024831155342807498,-0.0025614684403767398
1.6080579731309022,-3.152464871881372,1.007997563655645,0.02785161922927994,0.02969755884915504,-0.7391884985677918,0.6722668412838773,-0.2898990604472764,0.2782349471514656,0.1904688419149355,0.4091306706253832,-0.17565736394217266,-0.19167384230461976,-0.25191300452173704,0.025091302224660727,-0.3142078817175514,0.4095661645994698,-0.3580730928661524,-0.056269970165929356,-0.07687953669585325,-0.04971710363637374,1.8470326037123015,0.011180993850504577,-0.571828810456675,0.012602734859438936,-0.09797015464426641,-1.3902990637707917,-0.34416840583290353,-0.6136421407789612,0.2782204257027617,0.02479726159976175,-0.0024929327768108836
1.6081274018741256,-3.1531460633254778,1.0078936385841877,0.02791224485278862,0.029561063703797925,-0.7391372121984238,0.6723267298297161,-0.28970672361102867,0.2780047664896114,0.19062099838417082,0.4103768783965501,-0.17666294511207,-0.19176545019364985,-0.25172218859817475,0.024342255185106652,-0.3142237572312052,0.41093803914407057,-0.3592710034715279,-0.05587061963672646,-0.07642675066422559,-0.05044121317375221,1.846776967302712,0.010164255600254765,-0.5719917110385674,0.01271879639008356,-0.09788057602222262,-1.390784984989474,-0.3434371430244011,-0.6130044383583673,0.27807099086409093,0.024772822644736483,-0.0024234332644364593
1.6081838294773059,-3.1537958068794074,1.0078020327029904,0.027994424828626265,0.02943992680906309,-0.7390416842324278,0.6724336337921295,-0.2895359034970474,0.2777404487912771,0.19066058403606176,0.4114262299213395,-0.1775587081249824,-0.191889941811842,-0.25153923215970664,0.02357892081802152,-0.3144422904724749,0.4121973573801005,-0.36042735209352145,-0.055496988156338335,-0.07614712589054136,-0.05116549851104575,1.8465890775879776,0.008992071109712896,-0.5721330699753071,0.012786871936196053,-0.09797715811387488,-1.391073211260297,-0.34311461155311374,-0.6127432474591709,0.27788201680193997,0.024762869851180164,-0.0023821589119552
1.6082274266579146,-3.1544141140681283,1.0077328323716457,0.02811061155933283,0.029348103950448748,-0.7388829439435659,0.672607223765522,-0.2894311107036667,0.2773994179497196,0.1905688663319167,0.41220514932140034,-0.1782977437677237,-0.1919637740995799,-0.2513587065030075,0.022821790121489324,-0.31486829919654746,0.4132692351387065,-0.36152425004035676,-0.055164596729201605,-0.07598568519347415,-0.05153940003907927,1.8464282234842972,0.008298209373030304,-0.5723367974194966,0.01279666436988511,-0.098116840435984,-1.391079517994179,-0.34363695732505095,-0.612784251407468,0.27774191812171,0.024786129562537097,-0.002339894885298826
1.6082527063279746,-3.155038172732282,1.0076914284678928,0.02824868158852527,0.02928730042320604,-0.7387016409631293,0.6728032042587271,-0.28925849414647564,0.27702007026559317,0.19041894527895037,0.41267118037757683,-0.17889241256845262,-0.19203062837025134,-0.25111933332828557,0.022125052711218327,-0.31539283264622425,0.41409086994764605,-0.36251698615850536,-0.054861916006446854,-0.07587478943927443,-0.05141637441860373,1.8462645560877573,0.00855402615579049,-0.5725295244892488,0.012788867254988092,-0.09804613684804367,-1.3909711205555213,-0.3446586703707207,-0.6129158584037053,0.2778619962476222,0.024824522576532063,-0.0023326140514628555
1.6082480537047183,-3.1556703525023386,1.0076803936141667,0.028420130370251845,0.029278888551698724,-0.738533710876321,0.6729806838046433,-0.28896864328920774,0.27664090289408033,0.19028401738233033,0.41273393758316235,-0.179341602785536,-0.19211239836565855,-0.25085302737888293,0.021568874364787542,-0.3158854031556875,0.4146014881795908,-0.36335665610389045,-0.05459464076945082,-0.07570752840282521,-0.05068836074553628,1.846258995473257,0.009405056963537746,-0.5725074912618474,0.012783927181019016,-0.09771439557086278,-1.3908371597319509,-0.34569375421553866,-0.6130264769924044,0.2779914651212213,0.024861870356272363,-0.002348123448133931
1.6082366320284378,-3.1563060746366416,1.0077106973941283,0.028607938922440186,0.02930910359950729,-0.7383869196246993,0.6731324677980931,-0.28845960436593676,0.27621275855210203,0.19013914954816474,0.4122900658932655,-0.17961436462179,-0.19219806740759418,-0.2504924336207516,0.02113048011157786,-0.31636425983604444,0.41473724092486713,-0.36399389072131433,-0.05432786301193213,-0.07541988618516579,-0.049393500928641434,1.8464917196382005,0.010514338756693267,-0.5721649299063225,0.01282189978627931,-0.097194285913133,-1.390642950934397,-0.34633093586090197,-0.6128953327826111,0.27790724085848445,0.0248772619583073,-0.0023748287867770444
1.6082311946456178,-3.1569160235644023,1.0077340415940708,0.028803944163795375,0.02936640490119161,-0.7382280943630246,0.6732957951427627,-0.2879027769238393,0.27577798085406013,0.19004696629732645,0.41158411212379503,-0.17977345999967317,-0.19226534650810004,-0.25011567702035664,0.02074826265284354,-0.3168593307182891,0.4146891254414876,-0.36450953455295737,-0.054020894913812234,-0.07509358245812169,-0.04783354978423353,1.8469442445641562,0.011865472522016376,-0.5716081590376705,0.012994032459274024,-0.09654450374976825,-1.3903752015172246,-0.3466705276541396,-0.612488362311291,0.27761580927741564,0.024896982889887617,-0.0023957987412012494
1.6082447917475944,-3.1575091072780253,1.0077346170242358,0.02897353895959655,0.029436277617778346,-0.7380423151120726,0.6734891095661293,-0.2874215080902817,0.27540906955603595,0.18997532502860834,0.4109496401058204,-0.17992091221798356,-0.19231223318773555,-0.24971341259597166,0.020384998362800385,-0.3174390053833063,0.4146200897701318,-0.364976829588582,-0.0536061430655043,-0.07473734509092451,-0.0462284478645409,1.8474697929020638,0.013535821933418702,-0.570982952441737,0.013230536705615381,-0.09550944309659651,-1.3899953241370786,-0.347239321525625,-0.6118270771277237,0.2772550282647358,0.024940738193450284,-0.002372637425466539
1.608281499788768,-3.1581336133376103,1.007706084104573,0.029092095694051894,0.029488616219591722,-0.7378345298869832,0.6737093423636308,-0.28700672199523575,0.275085020065302,0.1897368609163075,0.4106211720431442,-0.1801760302058642,-0.19235368618148554,-0.24921698601475353,0.019994298820020982,-0.318112606714114,0.414659828223776,-0.3654957000950907,-0.05312364648022855,-0.07431703974631725,-0.04503094158452569,1.847836526050655,0.015344215000280683,-0.5705020757147079,0.013419993349260233,-0.09413771783049968,-1.3894532313549668,-0.3482867905251463,-0.6110101612290206,0.27699685715518474,0.025012608814167604,-0.0022846655533028163
1.6083423933173653,-3.158806904413634,1.0076512562366542,0.02918549893022688,0.02950388229831005,-0.7375918918259841,0.6739702728563676,-0.2866735457566527,0.27473200906426337,0.1893441516814015,0.41062812536158527,-0.18057786297751233,-0.19237595039751457,-0.24866198439890697,0.01949215165776305,-0.3188936141593543,0.4148959368556851,-0.3661475110239747,-0.05268463493721085,-0.07389540375396608,-0.044160814406731086,1.8478575298719488,0.01741774977741431,-0.5703357800207786,0.013505725748380859,-0.09282793377054341,-1.3886815948682,-0.3498488273365235,-0.610209943918109,0.2769512168075993,0.02513825429301038,-0.0021863761089817866
1.608459193740076,-3.1595215866602064,1.0075729422120392,0.02923623403396923,0.029446191872372195,-0.7373089182662854,0.6742801520501149,-0.2863042065029605,0.2742636880534315,0.18881607417030793,0.41091166639534404,-0.18118193389382833,-0.19235064118864184,-0.2480163044599219,0.018802518566431323,-0.3197455858926251,0.415395619584809,-0.3669642778379426,-0.05226839724567134,-0.0735114830454737,-0.04307415539886946,1.8475035531474777,0.01970255176679856,-0.5705667323914579,0.013513590053945077,-0.09143073141174297,-1.3877435193084044,-0.3517722175946817,-0.6095982714472123,0.2771079552502533,0.02525243985796155,-0.0021053779960129434
1.608665542672728,-3.1602826728235294,1.0074518241236834,0.029257192946199044,0.029338182996922826,-0.7369937064971318,0.674628463869534,-0.28600279146666346,0.27370372140566723,0.18823452715296976,0.41159859590405573,-0.182048457439787,-0.19224326512760645,-0.24739633513987103,0.017877306325630168,-0.32063858140606605,0.416298907722891,-0.36799473290528595,-0.05180266539705331,-0.07317093194767745,-0.041721261928949205,1.8469484160288991,0.022008452758385585,-0.5710388479356584,0.013561112402299909,-0.0897816089965252,-1.3866805123580837,-0.354041393155986,-0.6091680334534696,0.27737967891844373,0.025371398355311568,-0.0020368658702744793
1.608977978734429,-3.1611143287607155,1.0072380011997868,0.029279709229892023,0.029147558933356032,-0.7366736687189258,0.6749852029873231,-0.28587485886171116,0.27300750918492306,0.18766138264203847,0.41299833757086807,-0.18329407470219225,-0.1920470069670886,-0.24698127735837666,0.016516218450912626,-0.3215801365530868,0.41801328362620077,-0.3694130638337641,-0.0512085640420808,-0.07281706827688769,-0.03997933695959283,1.8462323561558769,0.024393571296940558,-0.5714337984136411,0.013666129441501735,-0.08777689127715863,-1.3857220479929213,-0.35663712236284373,-0.608953720267425,0.2776708957108464,0.02552942319028384,-0.001981545142052209
1.6093123226807446,-3.161995887311478,1.006946120762262,0.029333614636934298,0.028880936935906463,-0.7363316637831634,0.6753673899770067,-0.28601007991819755,0.2721812404384475,0.18686209052120817,0.4150961025433826,-0.18491008405821976,-0.19183626670696743,-0.2469026911778429,0.014794464599885024,-0.3223983275277009,0.4206653384912449,-0.37130127527647194,-0.05052114789850607,-0.07246022854049083,-0.03753603425872875,1.8454808422203333,0.026830179805663313,-0.5712966530455066,0.013964315154859276,-0.08542178235080218,-1.385008550699313,-0.35939509113102425,-0.6089094593643594,0.27799020593619284,0.025766024306049275,-0.0019173814667978214
1.6096264853283726,-3.162935412796226,1.0066049770029533,0.02941108693670829,0.02857598631950776,-0.7359517140429749,0.6757909999165984,-0.28640647611120107,0.2713031073121137,0.18575825322466863,0.4177693367087521,-0.18682080925814118,-0.19166744950566825,-0.24709471289712595,0.012862302746003773,-0.3231164700373548,0.4240786845857391,-0.37361830219860065,-0.049786955641451656,-0.07214668558781283,-0.034723335485702174,1.845074875953752,0.02856554951797454,-0.5701357478079618,0.01430289159054097,-0.08311086690359357,-1.3844024725292976,-0.36232392591256524,-0.6087378038982729,0.2785050030796021,0.0260695344161446,-0.0018380968415503266
1.6099261328036838,-3.1639406416443174,1.0062224817858245,0.029473450708080336,0.02824785951297474,-0.7355250597592702,0.6762664124458759,-0.2870259145530524,0.2704594700621963,0.1843892445105482,0.4209803402646961,-0.18894520725506617,-0.19156558369387783,-0.24741280000909774,0.010830554722943494,-0.32376253225305274,0.42806370317897197,-0.3763070188185664,-0.049028417213947614,-0.07190549986610349,-0.031995467225617226,1.8452659186784128,0.02926857228437961,-0.5682058285799018,0.014722827766706881,-0.08096891400357922,-1.3836617786155692,-0.36538366665474425,-0.6084206299072467,0.27914797191063945,0.02641446362596575,-0.0017572217928055534
1.6101418192039434,-3.165010599149159,1.0058490100076272,0.02945590264568146,0.027890217934930347,-0.7350109757729671,0.6768407131933929,-0.287728938490436,0.2697879741912166,0.182785801481335,0.42450959094075463,-0.19105729513847294,-0.19156168926684178,-0.2474657961157415,0.008899467010331447,-0.3246258375208499,0.43212080468713737,-0.37922095363383085,-0.04828043155178978,-0.07175403727082613,-0.030111806622755928,1.8454525012417746,0.029896743091714795,-0.5664289486727144,0.014828316484817382,-0.07863720099716402,-1.3825774474907133,-0.3682144290377597,-0.6082733285373206,0.27959561351106704,0.026743130549867575,-0.0016555413814917977
1.6102768681231512,-3.1661462368937277,1.0055162526809653,0.02933235018583155,0.02754517553199802,-0.7343672441444381,0.6775585784750942,-0.28860382208081675,0.26941538637194024,0.18103809535748694,0.42832796492788194,-0.19295766893037333,-0.19165826195744992,-0.24696173420121897,0.007208294144891164,-0.3260291923407697,0.43568355093586864,-0.3821562467286938,-0.04752614561557461,-0.07180016180590722,-0.029080390198587283,1.8456833695263861,0.0301268139166556,-0.5655023244530181,0.014768330495671372,-0.0763025038432219,-1.3809501738365029,-0.37103399140373694,-0.6081488505137596,0.279544475479688,0.027002100588464358,-0.0015184150880081884
1.6103240625746218,-3.16730715498321,1.0053126106213177,0.029124086449593807,0.027223788110864344,-0.7336375096300491,0.6783705900267132,-0.289334142410764,0.2691969157059348,0.17907818364714612,0.43178501361555416,-0.19440391919711802,-0.1918520049105824,-0.24570910357934314,0.005920376149475518,-0.3278422837625671,0.4380900359235244,-0.38477657905404306,-0.04680372040567238,-0.07191185571775156,-0.02864623638727155,1.845292483903639,0.02979572989738036,-0.5659844359572432,0.014874974881271864,-0.07268123670598269,-1.3788825320350764,-0.37342994333146495,-0.6082148202251543,0.27959359212010115,0.027157350684541604,-0.001264689707812421
1.6102791005298112,-3.1684190100476437,1.00527777080612,0.02879860189165333,0.02687578029735591,-0.7329506490617356,0.679140397121593,-0.28932455206362745,0.26906466911447996,0.1772368113170427,0.4342079885791097,-0.19519931839011487,-0.19213264860556714,-0.2436017232176353,0.005160189559180078,-0.3297160715360496,0.4390174077297537,-0.38672078087777295,-0.04618849453295199,-0.07180475291805334,-0.02946405913302161,1.8419527589061158,0.0315900585679922,-0.5689708142961842,0.015059390978763642,-0.06706511867787006,-1.3739693872125194,-0.3768828358455111,-0.6108627478472647,0.2795147887420451,0.027190387159288582,-0.0009190071973456292
1.6102230914350675,-3.1702245273999132,1.0073989722023673,0.029901110066756973,0.027505567234287973,-0.7318114455780435,0.6802950650334534,-0.28510567465452114,0.2654216643757249,0.1762788912553858,0.4262900538978851,-0.19884273645902228,-0.19178849275315688,-0.23809090804288802,0.006497067766243927,-0.3275420194296312,0.42940602561210306,-0.38931978496568626,-0.04134974819295206,-0.07301507077449104,-0.03047135120864233,1.832601417828144,0.03655583762349978,-0.5730382928963397,0.01495968196313129,-0.058214152461265406,-1.3646224798655289,-0.3811297798067137,-0.6139991707080074,0.28038756660267167,0.028719269699989232,-0.0005454866442658285
1.6100615961371756,-3.1717853909941294,1.0077722210461986,0.02962093060167582,0.02671598251982687,-0.7313203178002907,0.6808666899773945,-0.27963003957309807,0.26379393225067543,0.1768688838910375,0.4218609491514665,-0.1989558162199393,-0.19164262960503142,-0.23158870317192537,0.006572205830160373,-0.32885963769141213,0.42320028346435257,-0.389550080823818,-0.03900081374841018,-0.07278953180717214,-0.02728049367051882,1.8197101309285855,0.04330697110623077,-0.5816627429150083,0.013997406468034967,-0.04752883006074718,-1.3503522790580937,-0.38592734362166375,-0.6236425632082039,0.2820795351142636,0.029406908453929768,-0.0003856026524712011
1.6096768137281026,-3.1730880265437995,1.0079054451125427,0.02925496194032811,0.025766151984112844,-0.731052247831869,0.6812069168422866,-0.27493873327697294,0.262826354418338,0.17765372771874605,0.41888420333212656,-0.19740973726065136,-0.1919309658862509,-0.2265993622337851,0.0061617590449159045,-0.3306070677315713,0.4198219813751137,-0.3891189824854631,-0.038253184593594246,-0.07227796662540997,-0.0183402380246878,1.801265617662744,0.049149610008620434,-0.592274440445272,0.01084991959961179,-0.03817232171097468,-1.326941090625916,-0.39281514874386836,-0.6382486533189005,0.2830905075260562,0.03026282942555066,-0.000524517025557515
1.6091791887899998,-3.1741026427406034,1.0079114861619398,0.029106892809611207,0.024968138015598454,-0.7308920259505453,0.6814148716288132,-0.27116538488726566,0.26197264778580553,0.17835022873758855,0.4161772039259673,-0.19558748859595246,-0.19248000519911926,-0.22330803506882901,0.0056095167992472016,-0.33192687796681475,0.4181208622650981,-0.3889319888305861,-0.03823339400304746,-0.07207189783376532,-0.008319012951699524,1.7757959854100944,0.05347865942103514,-0.6042222850522078,0.00551611917495214,-0.0313823694896162,-1.2965721669263475,-0.3990619149511164,-0.653898158234791,0.2847081485152768,0.031187961853261524,-0.0009705477892548956
1.6085898369504392,-3.174895967865271,1.007853639241475,0.02918344046564847,0.024361603401269447,-0.7307716082122221,0.6815626865617207,-0.26843427683853693,0.2612754398362751,0.17904282488433088,0.41375970505755594,-0.19359097913135695,-0.19316306592550436,-0.22145369048003655,0.005024820305994267,-0.33285251556386947,0.4175915446802176,-0.38905826356672324,-0.038626553112733095,-0.07208691425758866,5.396799720494387e-05,1.7418385359505635,0.05897341403425359,-0.6168507978184753,-0.001253162210517307,-0.027030462393260433,-1.260282471916054,-0.40217292509603325,-0.6697500018400495,0.2867244387339737,0.03225183345483602,-0.0016024184025268838
1.607810050313167,-3.175502147960695,1.007704043048345,0.029373574455666702,0.02388980286784539,-0.7307792475560304,0.6815630284750454,-0.2668180893560828,0.26101701307683667,0.17934333316578036,0.4122991808637929,-0.1912311821861129,-0.1941105312550045,-0.22071252406703482,0.004604673697197077,-0.3334229677312637,0.41810742323072414,-0.38942133273598156,-0.039403124045306596,-0.07246272047112418,0.010076116356712348,1.7007763222712629,0.06325826955503346,-0.6297916957185234,-0.008948523406650338,-0.025358585627705765,-1.2166011877751504,-0.4029726604697661,-0.6871066848355023,0.2879248703518047,0.03348615958274749,-0.0025007248271088837
1.6067963151930307,-3.175834695271993,1.0074769792484028,0.029697479169934395,0.023636126185651765,-0.7307993908952989,0.6815362378751023,-0.26670016166329785,0.2613921236422804,0.17947013134142387,0.41184217324957395,-0.1885705037891923,-0.19533944217710042,-0.2211107140730229,0.004564538305707984,-0.3337017224004233,0.4193478676009911,-0.3899569456488068,-0.04055955740978114,-0.07361766533796096,0.02406445574492229,1.652472757858873,0.06535059349043786,-0.6424704780991629,-0.0177051897694769,-0.025600511173261346,-1.1654173745087208,-0.4009232770367083,-0.7042493776472296,0.2886686110624875,0.03495228942820096,-0.0036898978289660535
1.605517926992061,-3.175909470361584,1.0071922577507975,0.030095579559506876,0.0234577052084375,-0.7309227453046764,0.6813926419866942,-0.2675643878031929,0.26229012809902746,0.1795268689553901,0.41232193867085487,-0.185740341393384,-0.19695618183974303,-0.22226853077285694,0.004892524366722746,-0.3334362700505073,0.4211059166124785,-0.39066218076322523,-0.04205867511929694,-0.07637101921695817,0.04248008314845332,1.5956012259732728,0.06658640890155168,-0.6549970120530951,-0.026534277416727026,-0.027352448715418053,-1.106810522853198,-0.3962254034030882,-0.7242023423432699,0.288455512451747,0.036651289941316514,-0.00544624840745939
1.604024136588097,-3.1758440195227653,1.0068875146481997,0.030675998840263594,0.02349851244630423,-0.7311980425637102,0.6810699123870928,-0.26944210184286715,0.26366302936010916,0.1795271609138478,0.4134444181539807,-0.18278861402310004,-0.19894953472041452,-0.22428856960107665,0.0056453796160807505,-0.332676406729725,0.4230669130396414,-0.391450811375723,-0.043854460640996545,-0.08080709747559883,0.06595360006425338,1.530992525453449,0.06289381866189811,-0.6676850243978276,-0.03579562047814055,-0.025535039270609454,-1.0440745410821293,-0.38509948520968684,-0.7466441272326737,0.28826255853408767,0.03849317001432766,-0.007314078818767088
1.6023229811761914,-3.175756963727889,1.0065448750215524,0.031502625116483024,0.02387725133154527,-0.7315931747406755,0.6805945108157136,-0.27221199671726076,0.26548138884736255,0.17945090766474503,0.4147959942215756,-0.18003175944021166,-0.20121409108131738,-0.2271190208155005,0.006904338694658267,-0.3316803961763195,0.4249511900490527,-0.39237162899778744,-0.045811097483977374,-0.08595118951838553,0.09239831879302898,1.4603286617484823,0.05339328724510257,-0.6829534374103217,-0.0454728004289879,-0.017506225598985077,-0.9800185700115537,-0.36345834061875076,-0.7700559077406767,0.2887373666155916,0.040436910882062915,-0.008858312713843804
1.6003734446546583,-3.175682167068812,1.0061013012726123,0.032526891520037585,0.024384040383121256,-0.73224220857882,0.6798299551198447,-0.27533531021053154,0.2675251609797751,0.17924155691079333,0.4164939553695229,-0.17762030635157525,-0.2036406385670477,-0.2305493999784385,0.00841803761339113,-0.33033228179147084,0.4270372785504763,-0.3934821810668519,-0.047909757309209856,-0.0913308290013517,0.12231927972356829,1.3865425377525895,0.03414087215875315,-0.6993540099243593,-0.05622255869574925,-0.006253821420418412,-0.9157130858117887,-0.33074429892844076,-0.7940924002901749,0.29034053308775604,0.04223953068636614,-0.01009900557085513
1.598099866223991,-3.175467517982832,1.0055665067765014,0.03350408474874308,0.025086822400052486,-0.7331900142927881,0.6787345067022589,-0.27880716857705096,0.2703868710937467,0.17878074713470915,0.41872700305269045,-0.17558157402458607,-0.20611306130016366,-0.23443260237171326,0.010833008851884393,-0.3284265032778301,0.42926644980843864,-0.3946745683646442,-0.05019912244578725,-0.09684632627914658,0.15244613766040474,1.3116121785759192,0.0036670351053527707,-0.719152655577738,-0.06787910591203929,0.006269866001269794,-0.850224148466958,-0.288094993466001,-0.8166509566107717,0.2913883317019932,0.043901651062200286,-0.01094599072915451
1.5956036578922672,-3.175230049317727,1.00498122170856,0.03414353941705173,0.025487004310757778,-0.7345918081608117,0.6771702198933214,-0.28222992106421707,0.27409966883304915,0.17857631655873804,0.42344184876205543,-0.17353856847552807,-0.20990065291353568,-0.2385129574087727,0.013814685776853535,-0.3242238282611648,0.43334188461338313,-0.3968142096818175,-0.0543095286659075,-0.10488032178267599,0.18897567232174767,1.2320591344255385,-0.04571438149860799,-0.7456050881867562,-0.09064899210372705,0.01603424041933767,-0.7762342264881686,-0.22520834234439435,-0.842531683136425,0.29174537370272935,0.04689837643406665,-0.009946817114338802
1.5928048318443175,-3.174887121769821,1.004116196178813,0.03482426588672767,0.02646593398392854,-0.7360883153358672,0.6754708112641242,-0.28716113364939133,0.2791914006618547,0.1779868712577956,0.429178610954213,-0.17274644231121783,-0.21334284705187292,-0.24306290707092057,0.0181829101208629,-0.32032665952920314,0.43667047179267937,-0.3988130235806736,-0.05787867961442997,-0.1099647928180848,0.21307183447988412,1.1591498041174653,-0.11436090703336327,-0.7683006895970519,-0.1139986994769753,0.025537007994536884,-0.7057754829447858,-0.1622287217932095,-0.8573611555113716,0.29504366553304245,0.049106721890087066,-0.008465462626150836
1.5896560519081662,-3.174429271393095,1.0032021128096924,0.03533678349425242,0.02745380741382828,-0.7376024327840459,0.673750882256804,-0.29280543113524005,0.28530946845677124,0.17756576616031983,0.4364047178623168,-0.17229450355588627,-0.2170893667097408,-0.247077518491553,0.023432222808944074,-0.3163460054100612,0.43945849864358794,-0.40093769721152955,-0.06146571779799018,-0.1127603023163047,0.22459709809410225,1.0886983328014472,-0.19025969662197362,-0.7842932251557091,-0.13886168118140046,0.035771203420222684,-0.6397031508662845,-0.097046921898911,-0.8642619543157336,0.3012545494248553,0.051185734191909305,-0.00729350434771709
1.5860218701360216,-3.1736153491271226,1.002207321347838,0.03579811137419248,0.02843945970924659,-0.7390357649378647,0.6721129596252347,-0.3000396496127522,0.2923801054260462,0.17679973936468296,0.4452911758753947,-0.1713035996941763,-0.2208563832782766,-0.2510444278276374,0.029601618673371365,-0.31195724668733604,0.44187651866343286,-0.40316309631799413,-0.06540614768995058,-0.11390209955127009,0.22629805153698648,1.0182228594307488,-0.26327304708650073,-0.7913946400971018,-0.16397115505695029,0.04428298841400124,-0.5749777344551275,-0.03562671992673992,-0.8620621509015939,0.30942059165856783,0.053518657631523546,-0.006439973123687184
1.5818984383758579,-3.172396103214022,1.0011675346891036,0.036179344355343125,0.029504627595237032,-0.7403416859871917,0.6706077243680737,-0.31029143059772524,0.3006241143669569,0.17394915045389883,0.45746286804702546,-0.1686964723422375,-0.22456748410091817,-0.25512937591712614,0.036826837499609084,-0.30741085088031134,0.4440026107768724,-0.40529275153277977,-0.07003501593967844,-0.11364999627673752,0.2212584213184434,0.9491757606155656,-0.3317906531082808,-0.7897397702367888,-0.19074741110889304,0.05235110111580443,-0.5161649025294153,0.025838656386452233,-0.8539711744214864,0.3175484339704185,0.056256032674307864,-0.005868064553289937
1.577702017523015,-3.171009692629121,1.0002182482105628,0.03656655321399926,0.03025185282821247,-0.7415752732210174,0.6691889320167224,-0.32374936348679595,0.30881210279004573,0.16922366794931007,0.47428147636499773,-0.16359253749788322,-0.2269034973132309,-0.25880976934826033,0.04366673117246876,-0.3030790270821814,0.4459840956951855,-0.4074669624957071,-0.07508858071326659,-0.11192282683172512,0.20991141848768793,0.8852768836131935,-0.40001728942508247,-0.781920792667282,-0.21638229772745227,0.06039237931974582,-0.466016833670206,0.08774143036530786,-0.8425428177054318,0.32583479063493126,0.059356286878183395,-0.005208825364820068
1.5736278406801125,-3.1692526319487,0.9992393686389129,0.03705156202564755,0.03061492389940866,-0.7425981531307355,0.6680103974886272,-0.3401770136170059,0.316100464887178,0.16332851265834686,0.49490394275938016,-0.15708480087921395,-0.22566690475663462,-0.2623480427427404,0.04965635726401154,-0.29886311197269266,0.4480088513367679,-0.4102356816984539,-0.08007421200400715,-0.10848173269243987,0.1924017312683144,0.8260900678432762,-0.46396401370192764,-0.7686777444060126,-0.23447475644370874,0.06647641696150058,-0.41840248998898427,0.13637295843710562,-0.824653529958713,0.3349280106993344,0.06249000319268115,-0.004212761862309279
1.56961025101543,-3.1673169423152316,0.9981513509357247,0.03752874631785215,0.030803722789331817,-0.7434939924674848,0.6669778159930717,-0.36038065737778074,0.3231261057855796,0.15551245264097827,0.5203146148572024,-0.14885734236521206,-0.21963769868384694,-0.2659736730896931,0.0552631104423051,-0.2948188237253796,0.45059364220391185,-0.4136854016115675,-0.08513879863337219,-0.10267932568406851,0.17138941650021647,0.7728284901858797,-0.5213455638703575,-0.7508625917786024,-0.24149489253492537,0.07179645539458077,-0.3737909222252704,0.17088895162590087,-0.8001558511676512,0.34312103839991737,0.06543303363293917,-0.003160035811118052
1.5651744475169767,-3.165102342468301,0.9968661799919695,0.03825008184061466,0.030788875627911275,-0.7441583769234194,0.666196132104846,-0.3807121682131007,0.32957770781114826,0.14902559206728205,0.5438946241692179,-0.13991090472851267,-0.21156387524849843,-0.26977694100217947,0.060299124685746726,-0.2921805162241191,0.45317388226732935,-0.4166655464792625,-0.08882418276580618,-0.09822308998237729,0.15685032274363792,0.7323945561417625,-0.5625163466156771,-0.7427512473585166,-0.24282062328433426,0.07844129942312954,-0.33892190930592714,0.19401558097178237,-0.7824684767471511,0.3462362434166537,0.06735039970488357,-0.001983827710710299
1.5601813250868408,-3.1626334597348333,0.9954142214691298,0.03886120467136424,0.030649505104792543,-0.7446304950596341,0.6656394222366684,-0.4081851738142308,0.3370489289307438,0.13876624483099395,0.5766431094821955,-0.1274543412809983,-0.1986906516886632,-0.2746859484065433,0.06591078314424022,-0.2885583635720253,0.4581291751682167,-0.4205293698874299,-0.09419686370126262,-0.09381304400977632,0.13680404477371577,0.7027061928027245,-0.612839479913345,-0.729890107683765,-0.24171870354814143,0.08267100512029638,-0.31209796564557835,0.22111668089628797,-0.7619428052547843,0.34830282344543223,0.07002164326128173,-0.0007387015181525654
1.5554684603966322,-3.1569783466573598,0.9951986353557618,0.04267768247488214,0.03195945245833095,-0.7450678167232759,0.6648542376343458,-0.44585349595742635,0.34029823525739966,0.12743406598517093,0.6084713065029764,-0.11292817962121361,-0.18196798278540793,-0.2840553782790378,0.07189413401354397,-0.28080811184856536,0.4537612559887142,-0.4256276935912022,-0.09676300347093267,-0.0889842600128794,0.10726403833281183,0.6821636746120922,-0.6669937514792664,-0.7120884138955769,-0.23835691054055758,0.07807304771402176,-0.2960204537256177,0.25569661481547074,-0.7392054569566707,0.3484197063439154,0.06877122568921924,0.0001565138046124403
1.5502665660269594,-3.1526914365507945,0.9938539666667309,0.04475602830786797,0.03298308058821102,-0.7440316409831139,0.6658272535282639,-0.5013071543713261,0.34644022652076895,0.10329310619490857,0.6642561719036908,-0.08249951240373338,-0.15502290203010238,-0.29488820570649904,0.07801741565789949,-0.2764148771347837,0.45972067432307373,-0.4310157191162439,-0.1048736726979759,-0.08749871148490723,0.0667980566997628,0.6728031757182059,-0.7541569346544365,-0.6883555272080215,-0.23015618418508732,0.0679647402879314,-0.28902530689782385,0.3121346330549805,-0.7043370418060998,0.3473157923943184,0.06817849036884836,-0.0001464746002514029
1.544561892346391,-3.1490073315852283,0.9923203061595568,0.046048559740185624,0.032969174706802246,-0.7433981549338323,0.6664471073581009,-0.5830709100009073,0.35787840239732815,0.07954485109604473,0.7564076994002227,-0.006558745828653026,-0.13301710436618636,-0.3033617302607596,0.0828578692242171,-0.2754732781521797,0.4679511068849262,-0.4367262468217477,-0.11294556645106742,-0.08737029672920686,0.03625852539976514,0.6726682899296792,-0.8277069823234483,-0.6848123820685762,-0.22492133238797885,0.06175587174241898,-0.284134079659586,0.35997225380406905,-0.6797020890099774,0.3447717469074392,0.07065463643192109,-0.0002602396481201042
1.5385696622767935,-3.145362285077535,0.9909589322971231,0.04780146053864638,0.033092731762532905,-0.7406155154655976,0.6694091049025938,-0.6540964505266067,0.36831696665675945,0.0721328366462426,0.8259651805815692,0.0598380932202215,-0.10877061372306696,-0.3120607034329661,0.08611696187080814,-0.28010336867352176,0.4755037439674599,-0.44315473386145365,-0.12108350917248825,-0.09417316307820231,0.008547920005943802,0.6804165350471525,-0.8934810555117887,-0.693866126607203,-0.22381189310233782,0.05790053308591075,-0.2805639748680782,0.39857596789278427,-0.6625923891355213,0.34118901006341507,0.07350447392354797,6.763627706480988e-05
1.5323475991566682,-3.1424445049290033,0.9898699813343237,0.049650404394901794,0.0331598789685935,-0.7370415442420968,0.6732050369920265,-0.7208474394577626,0.3827891059091364,0.08221075843107138,0.8881950364953978,0.11782820889098071,-0.07404249520142257,-0.3189864720066134,0.08901939150511555,-0.28670172097293134,0.48097048692124306,-0.45006615189700694,-0.12928439689873344,-0.10297245729263672,-0.014823817536815647,0.6903663157192558,-0.9431821591463111,-0.7106403069236308,-0.22862761610674642,0.05719772164598491,-0.2765149096580026,0.4251987123749721,-0.6504708725076538,0.3369223978016736,0.07627359225384361,0.0006223548531033961
1.5267324966270615,-3.14002375410626,0.9889506843993857,0.05156192070345221,0.03321756161227759,-0.7329324006909068,0.6775308538741016,-0.777776765987037,0.40127161889809554,0.1128088452174392,0.9416928548024264,0.15450506370728428,-0.030369413940747523,-0.3252687742328302,0.0906615015660844,-0.2947116706721305,0.4858048194911635,-0.45731480458351653,-0.13717980869205998,-0.1149797878115057,-0.031251546068154196,0.6967436593026586,-0.9687023446915412,-0.7282136436253335,-0.23410933679821436,0.058454930667248314,-0.2733369040566534,0.4401072455553927,-0.6448421294754373,0.33322025006167394,0.07844249620816188,0.0009415121193795994
1.5229462845801673,-3.1380733905655798,0.9878875761633503,0.05377077450365304,0.03236376789739861,-0.7319879569558102,0.6784209026912567,-0.8339604902318715,0.3966431766353319,0.12994862436570562,1.0105670804110924,0.09298807034520627,0.010898788037112663,-0.3327303066525051,0.08947042757041031,-0.29570785366090724,0.49388590595235354,-0.46336268577556167,-0.1431816176332336,-0.12146525767924134,-0.038230541110336226,0.6961643270701818,-0.9669919027828919,-0.741650229322158,-0.2378563873299572,0.06048952455464531,-0.27333360402828244,0.44541056111405297,-0.6486894207295947,0.33063996977904264,0.08058396985024756,0.0011908029389674796
1.5221538492337534,-3.1367769350557975,0.9875205634337851,0.056619352079148866,0.03066794207376489,-0.7342394388121917,0.6758299880826949,-0.8602181465609401,0.38076381616524435,0.1561102808065032,1.0447458206293578,0.020012484089004422,0.026625723937287044,-0.3420456065921601,0.08393482551461143,-0.2875850132012663,0.504626513868927,-0.4659008700346222,-0.14440678152011138,-0.12349260179733659,-0.036079235813080084,0.6923791534761912,-0.9483090886341913,-0.7552489162286722,-0.23857677907125613,0.061332463521436655,-0.277553926183405,0.4428152850727852,-0.6595201768517166,0.32938440803924846,0.08138632534564656,0.001702429204206725
1.5229962946821527,-3.136638138833444,0.9883026827456143,0.05899851535387915,0.028606333313291807,-0.7400726369825874,0.6693230497077225,-0.863704350466375,0.3507679780886924,0.17841073258697784,1.037655348241355,-0.023779629728660885,0.02050048094433412,-0.34621347513343315,0.08018739902984771,-0.27050401614652114,0.5079458080299697,-0.4628390539319868,-0.1412747380798576,-0.1183448160436525,-0.029519342788556543,0.6902160404533132,-0.9295394938024999,-0.7633918936977507,-0.23505708915227547,0.06076281125430885,-0.2819259763207366,0.43636577722585096,-0.6714895690278906,0.32960758223210385,0.08091885436393553,0.0021630226916494384
1.52533717133907,-3.1377013357818537,0.9903624574692427,0.06095095443249153,0.02654203136231984,-0.7477727453785505,0.6606182127325552,-0.8446904174237817,0.31068217084142785,0.20516864360173986,0.9841573550626551,-0.04751650473637215,0.005815871857264676,-0.3456871878528261,0.07768612477749652,-0.2486139396523565,0.5038890078128233,-0.45513080705424885,-0.13649473757998232,-0.11016433179350772,-0.018109944371913954,0.6941018382520354,-0.9138730015565503,-0.7695032727670889,-0.22953505863295157,0.05779141590936717,-0.2837174521878897,0.4253766003289873,-0.6807097703991486,0.32826448395945146,0.07900896231284872,0.002292839581160467
1.5297552104285477,-3.139997714481345,0.9944325434836285,0.06305123254152212,0.023692286311144804,-0.7578192543258073,0.6489785785504966,-0.8008458804914015,0.26449414788484266,0.23933102182703153,0.8807115209682234,-0.04892468561048122,-0.023367064424488913,-0.33942415017098915,0.07374287600593447,-0.22095866218916083,0.48981681737153426,-0.44125430102271346,-0.1290472201444382,-0.09759400219232967,-0.0025186104268075495,0.6991432413936172,-0.9021986809057738,-0.7674995670695918,-0.22135960811625088,0.05012515660964561,-0.28496510653633705,0.41615382027900233,-0.68451124372751,0.32535429125210386,0.07533105391045503,0.0019948017497501223
1.5376401320856352,-3.1444010559812803,0.9998800692958663,0.06577604271043928,0.018515450115919773,-0.7726610627454599,0.6311303925730529,-0.7177871795399676,0.21373188214977534,0.2892144409209307,0.7108172443447176,-0.018550397384621442,-0.06802930110931991,-0.3257605361561704,0.0646469401535353,-0.1806484867961697,0.46474074415392974,-0.4213117421920339,-0.11507929402693834,-0.0753838644298512,0.020710352424479564,0.6978092953632236,-0.8887828636768674,-0.7551348158906651,-0.21183733593984852,0.03953893852774003,-0.292939128859395,0.412314487040111,-0.6901986707485942,0.3224926549028948,0.070274147458662,0.0009200047344694891
1.540969366061522,-3.14748003269315,1.0047426016295755,0.06596862072777973,0.014824571290190085,-0.7866740206982499,0.6136549179496456,-0.6310430857761784,0.14508350637883408,0.32977817145178334,0.48702502795546393,-0.002842526448524136,-0.057346240529933305,-0.31325805709205645,0.06532136028481018,-0.1445073922309885,0.44589725705848177,-0.4046044500995256,-0.11119658109080564,-0.05995217199303034,0.05332920374603331,0.7077266110171367,-0.8660847592219856,-0.7451288484852034,-0.1976614296173998,0.023411049639168964,-0.29246166740041085,0.4189628259094102,-0.695126398023518,0.32063335983400226,0.06608173747245603,-0.0006525541608657736
1.5430320296361422,-3.1475190926026744,1.0031592292128315,0.06367578317727213,0.011044441774966256,-0.7943103918341196,0.6040649107231509,-0.5862314962142465,0.13966799716618364,0.36850971974745095,0.4251339365933999,0.02402291235271576,-0.007274612124100157,-0.32772042210832836,0.061540289917132916,-0.1341217513882439,0.47657219497921466,-0.38900685977786875,-0.1272207067716556,-0.07237594913378234,0.091554868668685,0.7279779823584407,-0.8495718220496357,-0.7389587917915451,-0.16603270108315488,0.003975885352105693,-0.2940326075173029,0.4338090498927278,-0.7139754964861292,0.3249986976554387,0.06244461122377137,-0.0012663952849695948
1.549116778397664,-3.1522590872360303,1.0088353011491,0.0689224393545876,0.0037619698415586175,-0.8030065024148016,0.5919595442391921,-0.5470052963779223,0.11683780431353939,0.39332591230215413,0.3923673412178188,0.004940356474567996,-0.008604421628068347,-0.31610979062013167,0.04040871338846892,-0.10753671302570031,0.4602435194458335,-0.3929330596138761,-0.11220774418921012,-0.074969308062282,0.11398708643674788,0.7251271626171825,-0.8617768100112679,-0.708781219722422,-0.15545971041623813,-0.013881234231367539,-0.3096374639748856,0.4391723148275267,-0.7241043059468242,0.3276289894858351,0.05939864163007341,-0.002880079277752222
1.5501051260170056,-3.157270149084563,1.0082685698693796,0.0688966040635202,-0.002601134530315027,-0.8112725493418749,0.5805887897057653,-0.5213466678127662,0.11413646452249616,0.41243415860192284,0.3821838547754982,-0.000704614091037066,-0.010031084162013412,-0.3078512790801597,0.0318284068889621,-0.084665910807845,0.46206977058113724,-0.39476889512415086,-0.10319123462929851,-0.08119976761302965,0.13816336634000048,0.7342394631409772,-0.8856969779803763,-0.6781424837638246,-0.13883346409211805,-0.02828255791031472,-0.320400829138199,0.4505938936320117,-0.7422373780804343,0.33125615279185927,0.05888968267379064,-0.0037074162113532095
1.5471875780931506,-3.161702089288363,1.005304221184985,0.06715505864532333,-0.006723390033260955,-0.8176145600991189,0.5717966642423933,-0.5209739369163627,0.13111899643019054,0.4185246961032466,0.4165289858515111,-0.006287936069265905,-0.02646989929420282,-0.3044125684049901,0.033058705318380524,-0.06326320938283844,0.4784595957622711,-0.40573254760480837,-0.10010090345240025,-0.08938503760875292,0.15609324360095767,0.7503046477787485,-0.926310203418898,-0.6409995976706651,-0.10833967432065734,-0.03678695523538502,-0.3254465616380111,0.46053259935096336,-0.7642749294536595,0.3379503993738708,0.06226520374561923,-0.0028046505515950475
1.5428823933407787,-3.163685525182787,1.000917260479895,0.06545669542259921,-0.007860102094032184,-0.8192954524964976,0.5695687854315614,-0.5510377602593689,0.15828180355465724,0.4045813717693978,0.48660851540204086,-0.00906240555195426,-0.05168307840382546,-0.3075970505608523,0.03835350460793474,-0.05663984973237102,0.5008217430572199,-0.42064384691016526,-0.10340346079629861,-0.10181844823567664,0.16917165424109376,0.7724206012177208,-0.9574333741040378,-0.6244386778959405,-0.08745319300612375,-0.03628851625554717,-0.3205032939769258,0.448355701196183,-0.7836978920564003,0.34302708570362006,0.06650794723144768,-0.0024754458687645214
1.539075876229211,-3.1637826479641165,0.9967317610907467,0.06490069996263399,-0.007248706704658162,-0.819090554309264,0.5699351008990523,-0.5997371582640383,0.1878451900566019,0.38385197151353406,0.5704427993010323,-0.0026176595437679426,-0.07690112780460484,-0.31721121027441074,0.04401474012917376,-0.05551377034058973,0.5252167988865415,-0.43699659394406576,-0.10746431622182287,-0.11135182458197368,0.1780254613970636,0.7901120612615193,-0.9640498523927672,-0.6220149184910062,-0.07334911527658346,-0.02617261800739677,-0.3134030112606553,0.4154819165804737,-0.80635805020674,0.35014435745957156,0.07040962378569059,-0.0029057084797033147
1.5369736826280813,-3.1638849264881603,0.9930803489583737,0.06513487857234809,-0.00578037493466265,-0.8175017842453728,0.5722017717681525,-0.6505763977103182,0.21142207865517712,0.36437046001236023,0.6434930494095983,0.019860382451703577,-0.08959601716932981,-0.32863054652845625,0.046673899442733646,-0.05967510353025808,0.547567316465937,-0.45102098733880447,-0.10907933008605865,-0.1156878859959546,0.17885086666333877,0.7996102424027283,-0.9458570310454951,-0.6304216915841218,-0.05826089236243229,-0.008977394006402635,-0.3127804686816708,0.3844745875703544,-0.8256733137788319,0.3558012109566729,0.07223395441263367,-0.003556299789569789
1.5351934917312673,-3.1638696017105685,0.9908671400674266,0.06537131754029743,-0.0027540291205635985,-0.8144693023366415,0.576505647602791,-0.6953351600995484,0.22781296061895887,0.3465708498926653,0.6954169820104704,0.04618665058661507,-0.08797161752077738,-0.3364727312289586,0.05066925555612699,-0.06935498916300661,0.5592658361311017,-0.4591445741816018,-0.11083601950052167,-0.11212435393768197,0.16336853353931435,0.8023607653466691,-0.9211651239286256,-0.6410197045892214,-0.04810254746208173,0.015579392016790932,-0.3128587589445338,0.3552509287383206,-0.8348630248535109,0.35431414169728864,0.07398066348976472,-0.0031594711703949833
1.5334056079998233,-3.164859180776549,0.9900008927618753,0.0653477363433115,0.0010080198431032731,-0.8104762646207434,0.5821141483740179,-0.7286528250502058,0.23738259454299757,0.333327972865686,0.7277113550070774,0.06671069690444643,-0.0794822067909565,-0.33849172868117783,0.05545740626372187,-0.08206479203137822,0.5609275387765923,-0.4634741223755973,-0.11268951273061775,-0.10646233643657228,0.14001555418800096,0.7979164870076316,-0.89177201032469,-0.6544192280074684,-0.04928733130365958,0.04422997870388309,-0.3134362660233089,0.3324947544797435,-0.8346558981595923,0.3507183796144769,0.07578532731149053,-0.002533424960234073
1.5321503189444718,-3.1667759802660798,0.9910419353333477,0.0649749854416818,0.004947554265935262,-0.8060763154813906,0.5882131812477386,-0.7440001725916177,0.23908695403414354,0.3290694002175928,0.7356245768354734,0.07685005076786958,-0.06296869831750009,-0.3334718078087734,0.06065028297462064,-0.0952150222323793,0.5505163268792896,-0.46239716068025166,-0.11436057478560155,-0.10029301568011272,0.11100447333350265,0.7855143468567423,-0.8619267982615998,-0.673068067393668,-0.057653491603000685,0.07042584454602577,-0.31484970002052426,0.3213760898904558,-0.8198541222287717,0.34747820035589067,0.07664105533795498,-0.0018752701772211488
1.532001028320704,-3.170058643565861,0.9931714377754406,0.06388128371002387,0.008702472086754955,-0.8016143638861093,0.5943549950850987,-0.7379952844622997,0.23304271364495882,0.33435520925828877,0.7195188545707962,0.06994161621906199,-0.04177660672874238,-0.32229652705096345,0.06515099068666563,-0.109121014185914,0.532420788728945,-0.4582445647541909,-0.11514586949183239,-0.09221645103119937,0.08009052403037309,0.7668554099597817,-0.8343099021916311,-0.7008699535495962,-0.06991417110971314,0.09630571886036061,-0.3149848404257512,0.314543084848178,-0.7939528562969161,0.3425281463680996,0.07565873159028468,-0.0009049693307646852
1.5332517052124295,-3.1741403296163524,0.9964891337935586,0.06258630085488191,0.011858455447442118,-0.7975549678939036,0.599873657670895,-0.7119433248862227,0.21848514220585116,0.34770113086760335,0.6793305393017951,0.0491029605651706,-0.016987906349909633,-0.30661465129166665,0.0679061450855204,-0.12245610588292696,0.507489740691204,-0.4504926504641187,-0.11473387900237211,-0.08252607427667118,0.047537739308045474,0.7401150795116588,-0.8079475457187323,-0.7299714141450107,-0.08925078783708851,0.11975954716640384,-0.3088381546801146,0.29858989367418487,-0.7581238795340719,0.33702287197978925,0.0736276809204434,0.0002588728604171113
1.5359103654413067,-3.1791645640963058,0.9992593761937124,0.06091268017492442,0.013979315680227455,-0.7943477995013166,0.6042398510148405,-0.6660414530719887,0.19541866455494325,0.36506134689354597,0.6175783852919763,0.005701023164060264,0.009948625273256139,-0.2903554738261571,0.06762545318392732,-0.13499377603245047,0.4857200221504175,-0.4436182753224949,-0.11202079341690037,-0.07264983717508737,0.0178704953681941,0.7110294409253903,-0.7852737180515442,-0.7666206237429887,-0.11709249196109435,0.14090684409338675,-0.298979848584166,0.2744262781016443,-0.7184373887131712,0.3301847150285157,0.07045440289053165,0.001312333045426301
1.539867587740385,-3.1844574242744716,1.0027667799159263,0.05919303431279384,0.014546861060064326,-0.7920875021318808,0.607356536548856,-0.605460534661323,0.16403198718734002,0.38291938993756475,0.5333891659388762,-0.03767605129870843,0.03364066148130702,-0.2721084625755493,0.06381771706368213,-0.14560163373431223,0.46302722902889876,-0.43513956083333993,-0.10745853116031956,-0.06376659714877957,-0.010440139962379672,0.6797308129929265,-0.7677842698087282,-0.8027352174375814,-0.15164093263269687,0.1583818170059791,-0.28963127488680296,0.25201811238131905,-0.6792538866668737,0.31813762929792816,0.06553329106332902,0.0022137196562337295
1.544604548183139,-3.190713624618055,1.0072306254329448,0.057856016276581775,0.012842905300823467,-0.789975915811257,0.6102669855089691,-0.5492346104149046,0.1320056058078212,0.3981435725807568,0.45171900224406647,-0.045107926596706614,0.04614560590419601,-0.2505098483330632,0.0549310429497941,-0.1546472221673552,0.4384586055203452,-0.42400680878305863,-0.10101923975352103,-0.059230055245449505,-0.035842526231410286,0.6468587446998016,-0.7572454232141683,-0.8347038659028001,-0.18825457604790224,0.175185678500983,-0.28680087570846075,0.23891755627265351,-0.6490335961622388,0.304140512806551,0.0611692760823677,0.0029622843332329785
1.5450626168781387,-3.1955845181669527,1.0054010502667523,0.052191701449832255,0.010749335657787207,-0.7842100145289399,0.6182031471896663,-0.530975206629192,0.12342126375054849,0.3916173714867109,0.4292377716604425,-0.014861202396695675,0.05873387552266088,-0.24679494796269136,0.0487673982045767,-0.18236221508217684,0.46048280124161706,-0.41917340119117474,-0.10997485982396077,-0.07553735232241911,-0.05251603560460591,0.6323907190462897,-0.7562562841940745,-0.8736940850896919,-0.21111478229060207,0.19654368619631274,-0.2808551477052168,0.22851458116581352,-0.6393588004078875,0.2966855558715233,0.060759230305004436,0.00327285720440468
1.5453664907386233,-3.200679120045871,1.0087237310837947,0.05422456203680011,0.009382587832705912,-0.7809481828697173,0.622166858318543,-0.5106930555539145,0.10406232111410481,0.3841515063961276,0.4006706668670088,-0.02234736716280634,0.04563337389300937,-0.22304548850367026,0.044822659911381776,-0.18428576400019578,0.42863315896543597,-0.4253822322835699,-0.0994694129158951,-0.08480436652013108,-0.08288751074752307,0.6151368624442515,-0.7805962517947135,-0.8740655619701995,-0.22065961469680132,0.20339572469444483,-0.27761055524330225,0.21393178726826323,-0.6262707924742834,0.2928020965908208,0.05748733145602901,0.005252722767194365
1.5399601187012992,-3.2033540880605407,1.0061813293665138,0.05189481933237442,0.008211459857491058,-0.774781053448988,0.630042711940981,-0.5156352650567948,0.10724231892431796,0.3729122227562998,0.4159570193756064,-0.019984373604231994,0.04505676521793764,-0.20919706313618808,0.048069234801098724,-0.20543313051061735,0.42463368112753586,-0.431200011417444,-0.10028723164177107,-0.1068764628737974,-0.11095649393601598,0.619646902982805,-0.8176060946160492,-0.870608293049438,-0.22383119253516523,0.21134574467788092,-0.26756091296175766,0.19778935782714352,-0.6282334328769825,0.2903677345719101,0.05689302085506922,0.0060205295063711604
1.5316576698026496,-3.2041426366775325,1.0013747270483166,0.04954953846205583,0.00744057843629573,-0.7676447307941776,0.6389139600248737,-0.5452382393147622,0.12069260643428237,0.3499964600775243,0.46769754607284714,-0.01586139156254132,0.044958657320555734,-0.20214378999079208,0.05574548800527911,-0.22467937412952715,0.4315546485905208,-0.4450001958615574,-0.10586407597777027,-0.13209304700739286,-0.13903121550526587,0.6346424627708107,-0.8622964611015081,-0.8556769396904549,-0.22005323009092687,0.2160265711574974,-0.2566396066121484,0.17889643523388526,-0.6364036108940555,0.2924000617520861,0.05705306528432856,0.006993777264591567
1.5229798581441574,-3.2034808693703583,0.9954778694595867,0.04790197839452935,0.007632414747093907,-0.7613541871569433,0.6465191013493796,-0.5932018382447783,0.1407744072128855,0.32451017079537753,0.5428827648392738,-0.00963341517783605,0.04289039800601715,-0.20159195927125953,0.06549900826474032,-0.23932164370785558,0.44350812917536175,-0.46401298366314697,-0.11357035428276577,-0.15574596774799662,-0.16588796898796632,0.6552796097384319,-0.9042669066482592,-0.8323863409792525,-0.21305797026047318,0.21466619668694506,-0.2495059109477817,0.1629792139771061,-0.6496610511424888,0.2951574884282462,0.057636784584058784,0.007562265380832153
1.5154780893516424,-3.2012305313012948,0.9899548841288301,0.04759684133091092,0.008533569502204706,-0.7580758683465247,0.6503711991759278,-0.651255247918868,0.16496490214398163,0.3004149180607446,0.6256308060886665,0.0064218764838599365,0.03197933101570188,-0.21023815731352255,0.07338658834734112,-0.24733805702198525,0.4617880206842751,-0.48150853497708307,-0.1204950160582884,-0.17365847027109796,-0.18788757345037238,0.6790737290594122,-0.938773756580004,-0.8044150088286408,-0.19922952253137124,0.20351124041467208,-0.25034374038921486,0.16408051082974306,-0.6636575310277619,0.29696429937416446,0.058238450811079485,0.007377866352898496
1.509875613444897,-3.198449749439415,0.9860873034447996,0.04838816253260109,0.010021391284318504,-0.758740720401544,0.6495157247118748,-0.706949024890241,0.18966339643004615,0.27720668584505664,0.6977015278844233,0.03373307097157399,0.012388799667622945,-0.2235385214664023,0.08020392313368688,-0.24489655322180812,0.47972444177635254,-0.4932631431282585,-0.12597400160908845,-0.182100860359277,-0.2018385598467832,0.7033093667345092,-0.9691643198189428,-0.7721427836877724,-0.18029284527627235,0.18241005312961586,-0.25577325717451965,0.17736726726912916,-0.6700676282884833,0.29775641242708784,0.05896898323424853,0.007041716256756488
1.5072313296611912,-3.195974744738619,0.9843697276193778,0.04961675046605119,0.012217057985751907,-0.7628274769756649,0.6445798336422766,-0.7507108289635995,0.212113576300715,0.2587357197265231,0.7489184462792544,0.06400830781616468,-0.010835586965521582,-0.23703491101924395,0.08601933253953589,-0.23544759593141085,0.4921662726482113,-0.4973674376513621,-0.12914097834112734,-0.1819627469561104,-0.20459313851187977,0.7254446321747763,-0.9969245468035931,-0.7364495762976428,-0.15752422431295857,0.15352521608132638,-0.26420031129168087,0.20188516741499102,-0.6664186517386335,0.2986008031804038,0.059540959223754034,0.0063043131169475365
1.5075892570938292,-3.1944502901478176,0.9854850323449734,0.050963013121115626,0.013735250629300599,-0.76788753590204,0.6384064899341655,-0.7674072417606737,0.22496270069487911,0.2534765818555695,0.7662539537862189,0.07924085724226887,-0.02592514220989024,-0.24417608147377678,0.08852007696232546,-0.2243985891493526,0.49226547063634696,-0.4938251431734493,-0.1294982575766891,-0.1802608332849909,-0.1925415748021977,0.7447998722806719,-1.0155843935093107,-0.7033613450830928,-0.1435432153930037,0.1285444510925839,-0.27144881393733916,0.21737184369084475,-0.6664593319376411,0.29946852935844354,0.058975591083981836,0.005084989071878268
1.5121274120398822,-3.194107674124938,0.9896125727456172,0.052571140878819936,0.014988159977118078,-0.7757152298798927,0.6287109926982237,-0.762039529748805,0.23173383238016687,0.26065618296039184,0.7602753791562608,0.08337120487244438,-0.040003177924565855,-0.2476996668296402,0.08773239942365312,-0.20601382590526102,0.48340236295584627,-0.4829340330581073,-0.12767617057248729,-0.17233512272400137,-0.16964242849602973,0.7574275718858522,-1.0286998591168184,-0.6639353856058751,-0.1277232750285277,0.10176852975889886,-0.2817309767706437,0.23540245902168463,-0.6670367333739811,0.30125090480674527,0.05663011629541136,0.0034647082294989775
1.5193496723796693,-3.195685749705016,0.995082787784555,0.05406287233039209,0.014277947399092035,-0.7913220380135255,0.6088372345771718,-0.716371838102745,0.24522542804360634,0.3124177994550871,0.7234445019020384,0.05466959572703307,-0.054340198390839936,-0.24316019202427086,0.08833700977682579,-0.15754384507747884,0.46074755925801025,-0.45279579331788755,-0.12272478376422234,-0.14680778379653384,-0.13093528155434592,0.7505781939684184,-1.0199158557394559,-0.5972915602726139,-0.05581968148264202,0.06451558552565094,-0.2999233847225194,0.27990238921171623,-0.6652232995397337,0.304159819127543,0.052227835195858344,0.0034210726989527354
1.528300980713916,-3.199035000907739,1.0013387676649779,0.056223676200762004,0.012615432683619927,-0.8039783508859061,0.5918602541136353,-0.6510804753486541,0.2389948019384272,0.37792587776070213,0.6601532779176339,0.007827138363351511,-0.04251948310093494,-0.23708945290118447,0.0798667769456455,-0.1216489626353206,0.4378828369345669,-0.4285317887362725,-0.1137551106762045,-0.1293784212915252,-0.07787168398399284,0.745115317907298,-0.9984535570611782,-0.5535406723661205,0.008440427252807806,0.03753882722153975,-0.3174831544038985,0.317883609684276,-0.6796547415810197,0.3063514840448174,0.04934209348363534,0.0017483230717770212
1.5376160491673545,-3.203036095613164,1.006165391716982,0.05897143641397694,0.010635469030374345,-0.8169102345764345,0.5736435523302358,-0.5751364098524016,0.21975297025137805,0.45271219791027467,0.5761030758360776,-0.04712421770204618,-0.015974359049772836,-0.23583367479806094,0.06887180577252892,-0.08372272291474003,0.42293136348551075,-0.408913464860386,-0.10324800902256093,-0.11179181971616858,-0.012446271151772674,0.740238535387667,-0.9672837152759027,-0.528975204339548,0.06376037326239385,0.014292822852808898,-0.3357426211385613,0.3583014899753314,-0.7070321923332642,0.3121123429936297,0.04741985522270003,-0.00013964509474508654
1.5473702450318043,-3.207411227434701,1.0107476198308603,0.06284692314688087,0.007483367023373753,-0.8297671894408932,0.5545094000973523,-0.5006905103489031,0.18880298253414327,0.5285560397773968,0.48110658796718125,-0.08366465971002014,0.008717540609412723,-0.2389646270560045,0.05365488322134091,-0.04324379382539994,0.4130561701428714,-0.39092419032624065,-0.09156469316051562,-0.09316590018297641,0.05897384302612843,0.7277577735782823,-0.9327603756974889,-0.5129115176988367,0.10436350495076241,-0.006592680037877335,-0.35336773470755656,0.3939643760432486,-0.7417155042531616,0.31978711976168983,0.04673809296239093,-0.001941852947253895
1.555947935585828,-3.212819116167403,1.0140413410314444,0.06654293038641042,0.003915104889246113,-0.8411581239533017,0.5366653714156139,-0.45885317919985386,0.16427751314929437,0.5647994060224675,0.4269252366801896,-0.08669955877704719,0.013151685511640102,-0.24455538620358327,0.038687182461053904,-0.004451847124703775,0.4112175120047919,-0.3795650679861808,-0.08284929206991733,-0.07395068335700286,0.12846330466348285,0.7108567373307197,-0.9101221593194102,-0.5032985214244942,0.12270269537258821,-0.019545755330940905,-0.36828218203533836,0.4161735234383007,-0.78185246175042,0.3274346556544688,0.04943403249785516,-0.00399305991303512
1.5606241881613547,-3.2183087308934124,1.0149601011229787,0.06919280251675564,0.002053811907160224,-0.8482136106589784,0.5251112345297781,-0.4412440476843832,0.15453007961885937,0.5811685161284841,0.4092280611490776,-0.08446926630457309,0.006705524291614693,-0.2509126065419358,0.02940792450989956,0.019266483067163016,0.41658108088423523,-0.3756467966318784,-0.07815990671651439,-0.06551742038020211,0.19188403847958094,0.6954817482951021,-0.8982567165448355,-0.4952243120838632,0.12693104534390193,-0.027312710970508552,-0.3749425011557379,0.4292474461159896,-0.818544333985939,0.3325005449268302,0.05506230882394748,-0.006146083145099808
1.5615838741654524,-3.2227015121023115,1.0141939351476776,0.07011529951513644,0.00111681903109611,-0.8513659817171846,0.519863984772835,-0.43636689524241423,0.1563884978923134,0.5887083608062406,0.41458295448365495,-0.084637556766707,-0.0023884103619256653,-0.25361542914587154,0.02502144162053138,0.027539477675268237,0.42394891397345885,-0.37665236812090996,-0.07617172356930835,-0.060177991061146005,0.2384636895704199,0.6840216639103983,-0.8914033391158792,-0.48755883206399003,0.12752197572587406,-0.02927729465755756,-0.37226816871777096,0.4296676457985799,-0.8423161968658109,0.33477304088425014,0.05971264565117739,-0.007539057555665975
1.5580493196939085,-3.223583896833084,1.0108383791534723,0.06931685314840655,0.0007964106725921763,-0.8520849355203558,0.5187926389791162,-0.4520883887770491,0.17773427197754915,0.5863327315628853,0.4586027942434804,-0.0927638427466015,-0.019135269849145625,-0.2586167238516498,0.029449390030126404,0.031097234295745606,0.4437316780126206,-0.39019254832390143,-0.07771014730649925,-0.058119763840352806,0.28257024078031906,0.6781894589426956,-0.8700664804001284,-0.4894786801698036,0.1332449301345195,-0.018783597300318162,-0.36186191787136046,0.4159172722359562,-0.8788842547473638,0.3452641489650927,0.06739807579812077,-0.006789394617667773
1.5524822405267749,-3.2219071138621844,1.0063411874837775,0.06756375508398262,0.0009837492694500316,-0.8468962067319482,0.5274476147062999,-0.4825207603327247,0.1982038891127744,0.5643444834411486,0.5122203696625591,-0.09429486735597097,-0.02063680608012339,-0.2610849403054414,0.03521424060655723,0.01523322979596313,0.46333809322138186,-0.40718302480670165,-0.08307519918019096,-0.06942752290824175,0.30315929230704,0.6802219390378449,-0.8675163574836632,-0.49139872670474827,0.13439813544668708,-0.009734713699183897,-0.348972610339562,0.399240564590608,-0.8993972388661972,0.3524952048691844,0.07040793202309066,-0.006788000722167424
1.5460210989592564,-3.218819515200425,1.001012443681108,0.0652344388404183,0.0013877054211019909,-0.8391458110102344,0.5399785645067936,-0.5224329470818441,0.21918745453872893,0.5340493687546549,0.5728484451230649,-0.08983676423858626,-0.017002639289354648,-0.26491339695612115,0.04178122095760158,-0.008379386278730774,0.4869050686067138,-0.4274648505437465,-0.08940921542548178,-0.07885511028335002,0.29912810233686643,0.6875212767990684,-0.8720039479036268,-0.4931878102987677,0.14209980230500785,0.004613303488464013,-0.3397285604632166,0.3792785692695766,-0.9134058831157086,0.3590800852567172,0.07219461178051527,-0.006078632574205264
1.5392854876125721,-3.215713059936628,0.9952201580860502,0.062208495097327184,0.0018533039482691305,-0.8304401585354949,0.5536206386089163,-0.5686369646604852,0.2381367386911166,0.49092689908980336,0.636783105777701,-0.07724192808462046,-0.015659732849161594,-0.26905730684561724,0.04802203555259423,-0.03687663450506695,0.5134386386109822,-0.4502769076781202,-0.09597251255205824,-0.08163080463889838,0.27286227927743284,0.6922374228652104,-0.8649579994123066,-0.4871899379170057,0.15202959481189487,0.02510763608671303,-0.333193393585906,0.3555851111894082,-0.9196483767179351,0.36421909531207985,0.0733511193378784,-0.005464702043802086
1.5324110213220807,-3.2127734925610683,0.9894859089270869,0.05916547284644487,0.0024400527484957,-0.8210785393754888,0.5677354358699624,-0.6182640193141601,0.25336908994132445,0.442409616326088,0.698708627948005,-0.05632529095540436,-0.01861444274902824,-0.27260317633132825,0.05389429216888405,-0.06695997048609938,0.5385916296016596,-0.47283042459467206,-0.10231228705768346,-0.08101448332437948,0.22830326990358374,0.6947507071353609,-0.8525665961971015,-0.47952954625559335,0.16650841992767743,0.045134834474491924,-0.3299764875951728,0.34051113541035016,-0.9117523585135596,0.3661341680862328,0.0742862960109252,-0.004498946250029357
1.5252800916327063,-3.210469112563643,0.9848196762921235,0.056052020186545905,0.004045009392567108,-0.8116653044621447,0.581413142665692,-0.6676580687938567,0.26451002333895945,0.38953249922748545,0.7523355129709073,-0.02952623084075716,-0.02568904343801489,-0.27239415046407234,0.06252660710692381,-0.095703268104911,0.5544832214459581,-0.49103380911959676,-0.10920386074581563,-0.07669204836876387,0.17063496206410833,0.6987575155643317,-0.850051389123419,-0.48021414204765733,0.18383855284963366,0.06267596238538145,-0.32609577697210534,0.333354195487349,-0.8867432648152207,0.3657320762177794,0.0757440303415428,-0.0028021404017922044
1.519082504894315,-3.2085137410096385,0.9822096494244449,0.05335311601081201,0.0063244588160841515,-0.8016855697440217,0.5953265435849684,-0.7118537072696683,0.2671981977606422,0.3380249223016236,0.790154466217517,0.0027715222905385166,-0.0336752572573528,-0.268392988717696,0.07064554081319996,-0.1267455248445879,0.5581091688762462,-0.5031023294310246,-0.11525399542739173,-0.0712990054932191,0.10385883845671041,0.7021398218999801,-0.8580210584843724,-0.4940237436075517,0.20143987021263812,0.07648946998910416,-0.31879499087917584,0.32653138551194744,-0.8450180318598269,0.36392616559002816,0.07662163094113945,-0.0012361899542444742
1.5152058787585474,-3.207132315688811,0.9818487826002762,0.05103990535998875,0.008924764581883788,-0.7926316107624817,0.607495190316826,-0.743326810799195,0.261367794312125,0.2916663617393396,0.8081340118016939,0.03223830110801924,-0.04647502093529221,-0.261267093276711,0.07757808291374194,-0.1548225275811088,0.5504634771411357,-0.5074452675815724,-0.11957307718753328,-0.06109142985939514,0.03493321825390274,0.7028119288290999,-0.8733246217172538,-0.5228922292851499,0.21090437677305396,0.08790677132261383,-0.311137903087642,0.32124387960015954,-0.791779887015085,0.3591186362011234,0.07696254737916311,0.000313486660515349
1.5141554587525834,-3.206261087773327,0.983561311086316,0.049252907513020604,0.012333370578390547,-0.7846755801692563,0.6178238203223736,-0.7586175479404507,0.24854469036610186,0.2556253880678129,0.8051090008817277,0.04845496910387003,-0.05818190716588439,-0.25243856031369316,0.08386204545600742,-0.1789173930847088,0.5327932905995835,-0.5042045712462295,-0.1219449999715298,-0.047139165333133025,-0.03212743732857001,0.6999805358232978,-0.887467358738526,-0.5676346918834527,0.20804660706886646,0.09994472469051953,-0.3010135077263466,0.31243813211072696,-0.7361471776561549,0.34932045313349963,0.07663447855986298,0.0018070805737016617
1.515230566854503,-3.2050719775057788,0.9872476940575253,0.04808354655278774,0.01587129978399742,-0.7773492344071932,0.6270281031665361,-0.7556569380459726,0.22963864613906887,0.2337622306209547,0.7788322816502251,0.0521944260018333,-0.06031202762154221,-0.2416806081957582,0.08925354515601974,-0.19951376435866705,0.5052847487785928,-0.4936247511472094,-0.12301527320679696,-0.0314118751498281,-0.0939152195356968,0.6902378597734509,-0.8858338232460842,-0.6212400155893824,0.18656747822288602,0.11661697302601072,-0.28785135828705033,0.29732978925211023,-0.6880473298924213,0.3361268917917429,0.07490910548909126,0.0033037716791903
1.5201599525166836,-3.2033981278340287,0.9934193770701414,0.04867653173806003,0.019106941687148327,-0.7701342997449677,0.6357347563203126,-0.7265218756795225,0.1991645544948784,0.2357285945549955,0.7147923034762144,0.04347856163109238,-0.04075350244913556,-0.22477629635488766,0.09020659792166906,-0.21919446753471095,0.4568843993007649,-0.4716251784491524,-0.11923452217461818,-0.017476947678036803,-0.1438600160941033,0.6678996702501017,-0.8537154561164816,-0.6883822745751734,0.10460996071861123,0.13466563471996956,-0.27849797042621965,0.28133189357844424,-0.6486396662293077,0.3078709065156725,0.06974601795679812,0.003942320950772683
1.5260197815075531,-3.200509106997582,0.9991029389941919,0.050012802942831856,0.02239806760641369,-0.7646873511688371,0.642067209154687,-0.6851690784590759,0.16937522903124566,0.25817111973021745,0.6326246977151231,0.023786601262305994,0.00365492608209077,-0.2161673107886014,0.09009225912442359,-0.23183628752489152,0.41839181842342843,-0.45022772504967196,-0.11578883737318622,-0.004643617374759278,-0.18032698688523024,0.6423098036334747,-0.794364075651481,-0.76942522345317,-0.02245984267934219,0.15584729139687273,-0.27509281842754335,0.2777235407934433,-0.6324578428440275,0.28455041945196535,0.0651201857894096,0.005642144844115451
1.5324200712384022,-3.1969763720772053,1.0040685497642967,0.05244064122922325,0.02523751059129499,-0.7607288344876573,0.6464554799718796,-0.6328927405647228,0.13670827973446337,0.2931829672196825,0.5311026076277738,0.0006401661777841049,0.052848159511017394,-0.21302479034597382,0.08681580846673462,-0.24106673152254585,0.38692908280165667,-0.43083808582493743,-0.1101617199637052,0.0032718473199504407,-0.20724726077127612,0.6163497508410788,-0.7254984741842746,-0.8569431770950272,-0.12646490924701975,0.17860083884728326,-0.27699570075275753,0.28281648822264976,-0.636177365427566,0.27811493082843447,0.0600450263292008,0.007226113418293924
1.5360026476891342,-3.1929230089005554,1.007146478656879,0.05484920499888021,0.02788845763824095,-0.758223290967855,0.649084924856083,-0.5952456500171144,0.11377201341038161,0.3195382472259776,0.44870601042467867,-0.008108055163914276,0.07754267681455287,-0.2177041714573602,0.08535012432534476,-0.24654473618135245,0.3709305561643601,-0.4169195277337681,-0.10884170434913053,0.002761921815148386,-0.22215398741568926,0.5967956624989846,-0.6430169996192038,-0.9443443831793625,-0.2168442007980121,0.19873065089211897,-0.2822138514596947,0.3027159480237339,-0.6552365540685561,0.2813799144820776,0.056484174421383836,0.008556812360060716
1.538102077886363,-3.188563805066124,1.0054556802959957,0.05487789174390842,0.03013620166634636,-0.7557545352490773,0.6518552820966639,-0.577705232590913,0.10365432696067856,0.332071978238111,0.39305028057489966,0.021804268362282043,0.08831137672570803,-0.23883680428953494,0.08108275771549543,-0.2640646629597776,0.39253434940161636,-0.4072818412920442,-0.11806506357709638,-0.009710885990036323,-0.23154506467161723,0.5920674119440288,-0.5740778866137285,-1.0331716871045389,-0.29004883858105285,0.21629161438283256,-0.29012130209684356,0.32525117506884155,-0.6846339464886267,0.2885095935048848,0.05513773398150428,0.009278415071300852
1.5396337388830652,-3.1872830243581034,1.0050357444539153,0.0577804594651865,0.03111408818913217,-0.7540816878289068,0.6534937949982836,-0.5688284901171642,0.09096870164013254,0.33102859761757963,0.36054106512394163,0.03609528993860514,0.07885929738408477,-0.251079682205948,0.07440623989330619,-0.26845955458196424,0.40306741961418613,-0.41023110649618694,-0.11608013657289733,-0.030419808816417458,-0.23997843491188278,0.593251192323748,-0.529547133190033,-1.0880433328368413,-0.3337454423276339,0.22313728940211147,-0.29942951797414413,0.3366198173874456,-0.7044997502675909,0.29430701471737697,0.057961592918865164,0.00927301677921624
1.5374922185969988,-3.186764650217889,1.0023767312972727,0.05880983608425946,0.031917025662101445,-0.75011468643422,0.6579138726674795,-0.5801195852303567,0.0874161125415496,0.31441354212304234,0.3683106607695763,0.039710859600614684,0.0770238939804223,-0.26101315138063175,0.07238065707748562,-0.27826270811051784,0.42048903262858434,-0.42106034533983594,-0.11828327404113957,-0.06246273105092157,-0.25007268813743394,0.6092102717262184,-0.5186536134012081,-1.1065978660679237,-0.3472783231589366,0.22246204941815945,-0.3019950608753458,0.3380183656596597,-0.7167154938271041,0.2956585006796962,0.06268070700298693,0.008592678249294987
1.5339701555652892,-3.1885417853435793,1.0025313225579082,0.06203416789655315,0.03182539396888003,-0.7483441872698817,0.6596361752447247,-0.5857563342412727,0.08213490932840048,0.3026354663211339,0.3758617373478853,0.029917674201820944,0.0748310776602561,-0.25353979580755104,0.07526129117052376,-0.27039541061983624,0.40794238024482243,-0.4329365524196245,-0.11287051864738695,-0.0878841019697546,-0.25927576874767566,0.6298913872613007,-0.5378437999087161,-1.0895558655711344,-0.34876309896816304,0.21324575484581698,-0.3024676402847731,0.3311544969953985,-0.7192679240512019,0.29563384999824915,0.06474385235365103,0.00856415644704887
1.5263989278780123,-3.1905855021053986,0.9975931960477719,0.06004731473351919,0.030382198140787197,-0.7439703275863983,0.664815307961855,-0.6026829385575792,0.09126672807860181,0.289670021588299,0.41173148159934003,0.02626444588370024,0.07621203591481572,-0.24704616314184344,0.08251754910023686,-0.27579192475193587,0.4148041355183667,-0.4447418463965055,-0.11541523771400206,-0.1215366158501717,-0.2667393662013193,0.6671345028481457,-0.5827278335801532,-1.0565336405455006,-0.3472685886743103,0.20543089470796666,-0.296508089977578,0.3186256310846312,-0.72612608787263,0.2959341859074039,0.06760727453084217,0.009395225232574985
1.5188182024490857,-3.1928265358016548,0.9915376238706767,0.05679858457078574,0.028334412992557588,-0.7396076841326397,0.6700384730767908,-0.6312489312217079,0.10652417744819367,0.27352491735162054,0.47231631295815196,0.022637204548075985,0.07612999974525055,-0.24223105217978363,0.088587842574326,-0.28564810847314215,0.431122292097659,-0.46090281868181077,-0.12013195637528438,-0.1516790086512395,-0.2755978133027617,0.709538455362553,-0.6468078830575437,-1.005848204628131,-0.3412546368610188,0.19701988960618097,-0.29177311078974233,0.30450124868817413,-0.73329954918125,0.2961112051469496,0.07017802467357685,0.011162192286423966
1.5135119914769317,-3.1944072128525467,0.9856592976638332,0.053407752625112305,0.025699016477781465,-0.7376566060555372,0.6725696276626211,-0.6722213341589756,0.12633508756660078,0.25489430549660663,0.5554939723739801,0.021662414956860658,0.07006352414131564,-0.2411133954963145,0.0903583060732669,-0.29444054047194645,0.4546136247751265,-0.47974595276965215,-0.1241632760603962,-0.17467843408006,-0.28812707536794646,0.7518721186616601,-0.7245246365949554,-0.9390668314690929,-0.33007190700896033,0.18519060765222864,-0.29079260749675984,0.2929531045097502,-0.7425926513189187,0.2965079607801815,0.07204165474218042,0.01308496661404664
1.5102760578008734,-3.1953013250447517,0.9802073802966781,0.04980309237639923,0.023555805253573436,-0.7390433795400857,0.6714012654043583,-0.7342367382493078,0.15461594943016602,0.22878984811891706,0.6719385982486878,0.020576394066280798,0.04834753825890765,-0.24903571273463793,0.08886106448949323,-0.2976861431627231,0.49459604670176105,-0.5087760331308325,-0.1268947751020594,-0.187153886056696,-0.32379501251228954,0.7897642955364168,-0.8567680083052025,-0.8302868757626849,-0.28776328417368774,0.1683021738207024,-0.29542706698003735,0.292250797248583,-0.7530901357482089,0.2996812788259788,0.07479187282988596,0.013991421645601973
